# Blender 4.0.0
# www.blender.org
mtllib login_pav0531.mtl
o login
v 1.700410 -0.419128 0.000000
v 1.602410 -0.419128 0.000000
v 1.602410 0.262872 -0.000000
v 1.700410 0.262872 -0.000000
v -1.318590 0.251872 -0.000000
v -1.310230 0.255206 -0.000000
v -1.302131 0.258214 -0.000000
v -1.294262 0.260903 -0.000000
v -1.286590 0.263279 -0.000000
v -1.279085 0.265350 -0.000000
v -1.271715 0.267122 -0.000000
v -1.264449 0.268602 -0.000000
v -1.257257 0.269798 -0.000000
v -1.250106 0.270716 -0.000000
v -1.242965 0.271363 -0.000000
v -1.235803 0.271746 -0.000000
v -1.228590 0.271872 -0.000000
v -1.196164 0.269924 -0.000000
v -1.165520 0.264210 -0.000000
v -1.136855 0.254919 -0.000000
v -1.110368 0.242242 -0.000000
v -1.086255 0.226371 -0.000000
v -1.064715 0.207497 -0.000000
v -1.045946 0.185810 -0.000000
v -1.030145 0.161501 -0.000000
v -1.017512 0.134762 -0.000000
v -1.008243 0.105784 -0.000000
v -1.002536 0.074757 -0.000000
v -1.000590 0.041872 -0.000000
v -1.002436 0.006295 -0.000000
v -1.007942 -0.026406 0.000000
v -1.017059 -0.056191 0.000000
v -1.029738 -0.083017 0.000000
v -1.045931 -0.106843 0.000000
v -1.065590 -0.127628 0.000000
v -1.088665 -0.145330 0.000000
v -1.115108 -0.159906 0.000000
v -1.144871 -0.171316 0.000000
v -1.177905 -0.179517 0.000000
v -1.214160 -0.184468 0.000000
v -1.253590 -0.186128 0.000000
v -1.407590 -0.186128 0.000000
v -1.407590 0.492872 -0.000000
v -1.318590 0.492872 -0.000000
v -1.318590 -0.106128 0.000000
v -1.237590 -0.106128 0.000000
v -1.214340 -0.105012 0.000000
v -1.193094 -0.101698 0.000000
v -1.173856 -0.096238 0.000000
v -1.156627 -0.088684 0.000000
v -1.141412 -0.079088 0.000000
v -1.128215 -0.067503 0.000000
v -1.117038 -0.053981 0.000000
v -1.107886 -0.038573 0.000000
v -1.100762 -0.021331 0.000000
v -1.095669 -0.002309 0.000000
v -1.092610 0.018443 -0.000000
v -1.091590 0.040872 -0.000000
v -1.092818 0.062119 -0.000000
v -1.096418 0.082265 -0.000000
v -1.102262 0.101169 -0.000000
v -1.110219 0.118687 -0.000000
v -1.120163 0.134677 -0.000000
v -1.131965 0.148997 -0.000000
v -1.145496 0.161504 -0.000000
v -1.160627 0.172057 -0.000000
v -1.177230 0.180512 -0.000000
v -1.195178 0.186728 -0.000000
v -1.214340 0.190562 -0.000000
v -1.234590 0.191872 -0.000000
v -1.241609 0.191727 -0.000000
v -1.248659 0.191293 -0.000000
v -1.255730 0.190575 -0.000000
v -1.262812 0.189576 -0.000000
v -1.269894 0.188298 -0.000000
v -1.276965 0.186747 -0.000000
v -1.284015 0.184924 -0.000000
v -1.291034 0.182835 -0.000000
v -1.298012 0.180481 -0.000000
v -1.304937 0.177867 -0.000000
v -1.311800 0.174996 -0.000000
v -1.318590 0.171872 -0.000000
v -0.553590 0.182872 -0.000000
v -0.558544 0.186495 -0.000000
v -0.563391 0.189858 -0.000000
v -0.568105 0.192950 -0.000000
v -0.572664 0.195761 -0.000000
v -0.577042 0.198280 -0.000000
v -0.581215 0.200497 -0.000000
v -0.585159 0.202401 -0.000000
v -0.588849 0.203983 -0.000000
v -0.592262 0.205231 -0.000000
v -0.595372 0.206136 -0.000000
v -0.598156 0.206686 -0.000000
v -0.600590 0.206872 -0.000000
v -0.603235 0.206744 -0.000000
v -0.605668 0.206349 -0.000000
v -0.607887 0.205669 -0.000000
v -0.609886 0.204687 -0.000000
v -0.611663 0.203385 -0.000000
v -0.613215 0.201747 -0.000000
v -0.614537 0.199754 -0.000000
v -0.615627 0.197390 -0.000000
v -0.616480 0.194637 -0.000000
v -0.617094 0.191478 -0.000000
v -0.617465 0.187896 -0.000000
v -0.617590 0.183872 -0.000000
v -0.617590 -0.047128 0.000000
v -0.619059 -0.071467 0.000000
v -0.623344 -0.093508 0.000000
v -0.630262 -0.113284 0.000000
v -0.639627 -0.130832 0.000000
v -0.651256 -0.146185 0.000000
v -0.664965 -0.159378 0.000000
v -0.680569 -0.170446 0.000000
v -0.697886 -0.179424 0.000000
v -0.716730 -0.186347 0.000000
v -0.736918 -0.191249 0.000000
v -0.758266 -0.194164 0.000000
v -0.780590 -0.195128 0.000000
v -0.796508 -0.194711 0.000000
v -0.811766 -0.193457 0.000000
v -0.826371 -0.191363 0.000000
v -0.840331 -0.188424 0.000000
v -0.853651 -0.184639 0.000000
v -0.866340 -0.180003 0.000000
v -0.878403 -0.174513 0.000000
v -0.889849 -0.168165 0.000000
v -0.900684 -0.160956 0.000000
v -0.910914 -0.152883 0.000000
v -0.920547 -0.143941 0.000000
v -0.929590 -0.134128 0.000000
v -0.929590 -0.037128 0.000000
v -0.918699 -0.049298 0.000000
v -0.907544 -0.060318 0.000000
v -0.896152 -0.070206 0.000000
v -0.884553 -0.078980 0.000000
v -0.872773 -0.086657 0.000000
v -0.860840 -0.093253 0.000000
v -0.848782 -0.098787 0.000000
v -0.836627 -0.103276 0.000000
v -0.824402 -0.106738 0.000000
v -0.812136 -0.109188 0.000000
v -0.799856 -0.110646 0.000000
v -0.787590 -0.111128 0.000000
v -0.774652 -0.110643 0.000000
v -0.762840 -0.109165 0.000000
v -0.752152 -0.106659 0.000000
v -0.742590 -0.103091 0.000000
v -0.734152 -0.098426 0.000000
v -0.726840 -0.092628 0.000000
v -0.720652 -0.085664 0.000000
v -0.715590 -0.077499 0.000000
v -0.711652 -0.068097 0.000000
v -0.708840 -0.057424 0.000000
v -0.707152 -0.045446 0.000000
v -0.706590 -0.032128 0.000000
v -0.706590 -0.008128 0.000000
v -0.785590 0.019872 -0.000000
v -0.803725 0.026428 -0.000000
v -0.821923 0.033238 -0.000000
v -0.839871 0.040512 -0.000000
v -0.857256 0.048464 -0.000000
v -0.873767 0.057305 -0.000000
v -0.889090 0.067247 -0.000000
v -0.902913 0.078501 -0.000000
v -0.914923 0.091279 -0.000000
v -0.924809 0.105794 -0.000000
v -0.932256 0.122256 -0.000000
v -0.936954 0.140878 -0.000000
v -0.938590 0.161872 -0.000000
v -0.937686 0.176220 -0.000000
v -0.935025 0.190159 -0.000000
v -0.930684 0.203528 -0.000000
v -0.924738 0.216168 -0.000000
v -0.917265 0.227919 -0.000000
v -0.908340 0.238622 -0.000000
v -0.898040 0.248116 -0.000000
v -0.886442 0.256242 -0.000000
v -0.873621 0.262841 -0.000000
v -0.859655 0.267751 -0.000000
v -0.844619 0.270815 -0.000000
v -0.828590 0.271872 -0.000000
v -0.818341 0.271559 -0.000000
v -0.808099 0.270617 -0.000000
v -0.797871 0.269044 -0.000000
v -0.787664 0.266835 -0.000000
v -0.777485 0.263987 -0.000000
v -0.767340 0.260497 -0.000000
v -0.757237 0.256361 -0.000000
v -0.747182 0.251576 -0.000000
v -0.737184 0.246137 -0.000000
v -0.727247 0.240043 -0.000000
v -0.717380 0.233289 -0.000000
v -0.707590 0.225872 -0.000000
v -0.705316 0.233499 -0.000000
v -0.702483 0.240390 -0.000000
v -0.699074 0.246559 -0.000000
v -0.695071 0.252020 -0.000000
v -0.690457 0.256786 -0.000000
v -0.685215 0.260872 -0.000000
v -0.679327 0.264291 -0.000000
v -0.672775 0.267057 -0.000000
v -0.665543 0.269184 -0.000000
v -0.657613 0.270687 -0.000000
v -0.648968 0.271578 -0.000000
v -0.639590 0.271872 -0.000000
v -0.632799 0.271699 -0.000000
v -0.626344 0.271154 -0.000000
v -0.620105 0.270200 -0.000000
v -0.613960 0.268798 -0.000000
v -0.607787 0.266909 -0.000000
v -0.601465 0.264497 -0.000000
v -0.594872 0.261522 -0.000000
v -0.587886 0.257946 -0.000000
v -0.580387 0.253731 -0.000000
v -0.572252 0.248839 -0.000000
v -0.563360 0.243232 -0.000000
v -0.553590 0.236872 -0.000000
v -0.706590 0.171872 -0.000000
v -0.712631 0.177431 -0.000000
v -0.718756 0.182599 -0.000000
v -0.724965 0.187356 -0.000000
v -0.731256 0.191687 -0.000000
v -0.737631 0.195573 -0.000000
v -0.744090 0.198997 -0.000000
v -0.750632 0.201942 -0.000000
v -0.757257 0.204390 -0.000000
v -0.763965 0.206325 -0.000000
v -0.770756 0.207728 -0.000000
v -0.777631 0.208583 -0.000000
v -0.784590 0.208872 -0.000000
v -0.793622 0.208339 -0.000000
v -0.802178 0.206775 -0.000000
v -0.810199 0.204231 -0.000000
v -0.817627 0.200761 -0.000000
v -0.824402 0.196415 -0.000000
v -0.830465 0.191247 -0.000000
v -0.835757 0.185308 -0.000000
v -0.840219 0.178650 -0.000000
v -0.843793 0.171325 -0.000000
v -0.846419 0.163386 -0.000000
v -0.848037 0.154884 -0.000000
v -0.848590 0.145872 -0.000000
v -0.847247 0.133169 -0.000000
v -0.843349 0.121497 -0.000000
v -0.837090 0.110762 -0.000000
v -0.828664 0.100872 -0.000000
v -0.818266 0.091731 -0.000000
v -0.806090 0.083247 -0.000000
v -0.792331 0.075325 -0.000000
v -0.777182 0.067872 -0.000000
v -0.760840 0.060794 -0.000000
v -0.743497 0.053997 -0.000000
v -0.725349 0.047387 -0.000000
v -0.706590 0.040872 -0.000000
v -0.331590 0.271872 -0.000000
v -0.301590 0.271872 -0.000000
v -0.103590 -0.186128 0.000000
v -0.198590 -0.186128 0.000000
v -0.209669 -0.163128 0.000000
v -0.222787 -0.140128 0.000000
v -0.237264 -0.117128 0.000000
v -0.252420 -0.094128 0.000000
v -0.267577 -0.071128 0.000000
v -0.282054 -0.048128 0.000000
v -0.295172 -0.025128 0.000000
v -0.306251 -0.002128 0.000000
v -0.314612 0.020872 -0.000000
v -0.319575 0.043872 -0.000000
v -0.320461 0.066872 -0.000000
v -0.316590 0.089872 -0.000000
v -0.437590 -0.186128 0.000000
v -0.534590 -0.186128 0.000000
v 0.370410 -0.078128 0.000000
v 0.368602 -0.129129 0.000000
v 0.363281 -0.176971 0.000000
v 0.354598 -0.221409 0.000000
v 0.342706 -0.262202 0.000000
v 0.327760 -0.299106 0.000000
v 0.309910 -0.331878 0.000000
v 0.289311 -0.360275 0.000000
v 0.266114 -0.384054 0.000000
v 0.240473 -0.402972 0.000000
v 0.212540 -0.416786 0.000000
v 0.182468 -0.425252 0.000000
v 0.150410 -0.428128 0.000000
v 0.118352 -0.425252 0.000000
v 0.088281 -0.416786 0.000000
v 0.060348 -0.402972 0.000000
v 0.034706 -0.384054 0.000000
v 0.011510 -0.360275 0.000000
v -0.009090 -0.331878 0.000000
v -0.026939 -0.299106 0.000000
v -0.041886 -0.262202 0.000000
v -0.053777 -0.221409 0.000000
v -0.062460 -0.176971 0.000000
v -0.067782 -0.129129 0.000000
v -0.069590 -0.078128 0.000000
v -0.067782 -0.027127 0.000000
v -0.062460 0.020714 -0.000000
v -0.053777 0.065153 -0.000000
v -0.041886 0.105946 -0.000000
v -0.026939 0.142850 -0.000000
v -0.009090 0.175622 -0.000000
v 0.011510 0.204019 -0.000000
v 0.034706 0.227798 -0.000000
v 0.060348 0.246716 -0.000000
v 0.088281 0.260529 -0.000000
v 0.118352 0.268996 -0.000000
v 0.150410 0.271872 -0.000000
v 0.182468 0.268996 -0.000000
v 0.212540 0.260529 -0.000000
v 0.240473 0.246716 -0.000000
v 0.266114 0.227798 -0.000000
v 0.289311 0.204019 -0.000000
v 0.309910 0.175622 -0.000000
v 0.327760 0.142850 -0.000000
v 0.342706 0.105946 -0.000000
v 0.354598 0.065153 -0.000000
v 0.363281 0.020714 -0.000000
v 0.368602 -0.027127 0.000000
v 0.185989 -0.078128 0.000000
v 0.186740 -0.063269 0.000000
v 0.188631 -0.042889 0.000000
v 0.191117 -0.018287 0.000000
v 0.193654 0.009240 -0.000000
v 0.195696 0.038391 -0.000000
v 0.196700 0.067870 -0.000000
v 0.196120 0.096376 -0.000000
v 0.193412 0.122611 -0.000000
v 0.188032 0.145277 -0.000000
v 0.179435 0.163075 -0.000000
v 0.167075 0.174706 -0.000000
v 0.150410 0.178872 -0.000000
v 0.133745 0.174706 -0.000000
v 0.121386 0.163075 -0.000000
v 0.112788 0.145277 -0.000000
v 0.107408 0.122611 -0.000000
v 0.104701 0.096376 -0.000000
v 0.104121 0.067870 -0.000000
v 0.105124 0.038391 -0.000000
v 0.107167 0.009240 -0.000000
v 0.109703 -0.018287 0.000000
v 0.112189 -0.042889 0.000000
v 0.114080 -0.063269 0.000000
v 0.114831 -0.078128 0.000000
v 0.114080 -0.092987 0.000000
v 0.112189 -0.113367 0.000000
v 0.109703 -0.137970 0.000000
v 0.107167 -0.165496 0.000000
v 0.105124 -0.194648 0.000000
v 0.104121 -0.224126 0.000000
v 0.104701 -0.252632 0.000000
v 0.107408 -0.278868 0.000000
v 0.112788 -0.301534 0.000000
v 0.121386 -0.319332 0.000000
v 0.133745 -0.330963 0.000000
v 0.150410 -0.335128 0.000000
v 0.167075 -0.330963 0.000000
v 0.179435 -0.319332 0.000000
v 0.188032 -0.301534 0.000000
v 0.193412 -0.278868 0.000000
v 0.196120 -0.252632 0.000000
v 0.196700 -0.224126 0.000000
v 0.195696 -0.194648 0.000000
v 0.193654 -0.165496 0.000000
v 0.191117 -0.137970 0.000000
v 0.188631 -0.113367 0.000000
v 0.186740 -0.092987 0.000000
v 0.804410 -0.419128 0.000000
v 0.501410 -0.419128 0.000000
v 0.501410 -0.064128 0.000000
v 0.537623 -0.070991 0.000000
v 0.571197 -0.073781 0.000000
v 0.602035 -0.072800 0.000000
v 0.630040 -0.068350 0.000000
v 0.655114 -0.060734 0.000000
v 0.677160 -0.050253 0.000000
v 0.696081 -0.037210 0.000000
v 0.711780 -0.021906 0.000000
v 0.724160 -0.004644 0.000000
v 0.733123 0.014275 -0.000000
v 0.738572 0.034547 -0.000000
v 0.740410 0.055872 -0.000000
v 0.739106 0.072367 -0.000000
v 0.735313 0.088247 -0.000000
v 0.729207 0.103356 -0.000000
v 0.720966 0.117538 -0.000000
v 0.710766 0.130637 -0.000000
v 0.698785 0.142497 -0.000000
v 0.685200 0.152960 -0.000000
v 0.670188 0.161872 -0.000000
v 0.653926 0.169075 -0.000000
v 0.636591 0.174414 -0.000000
v 0.618360 0.177731 -0.000000
v 0.599410 0.178872 -0.000000
v 0.586911 0.178518 -0.000000
v 0.574415 0.177460 -0.000000
v 0.561926 0.175700 -0.000000
v 0.549447 0.173242 -0.000000
v 0.536983 0.170090 -0.000000
v 0.524535 0.166247 -0.000000
v 0.512109 0.161716 -0.000000
v 0.499706 0.156501 -0.000000
v 0.487332 0.150606 -0.000000
v 0.474989 0.144034 -0.000000
v 0.462680 0.136788 -0.000000
v 0.450410 0.128872 -0.000000
v 0.450410 0.229872 -0.000000
v 0.464924 0.237000 -0.000000
v 0.479021 0.243400 -0.000000
v 0.492785 0.249091 -0.000000
v 0.506299 0.254094 -0.000000
v 0.519646 0.258431 -0.000000
v 0.532910 0.262122 -0.000000
v 0.546174 0.265188 -0.000000
v 0.559521 0.267650 -0.000000
v 0.573035 0.269528 -0.000000
v 0.586799 0.270844 -0.000000
v 0.600896 0.271618 -0.000000
v 0.615410 0.271872 -0.000000
v 0.646897 0.269989 -0.000000
v 0.676720 0.264474 -0.000000
v 0.704676 0.255528 -0.000000
v 0.730558 0.243353 -0.000000
v 0.754163 0.228151 -0.000000
v 0.775285 0.210122 -0.000000
v 0.793720 0.189468 -0.000000
v 0.809262 0.166390 -0.000000
v 0.821707 0.141091 -0.000000
v 0.830850 0.113770 -0.000000
v 0.836486 0.084630 -0.000000
v 0.838410 0.053872 -0.000000
v 0.835596 0.023754 -0.000000
v 0.827437 -0.003593 0.000000
v 0.814360 -0.028162 0.000000
v 0.796794 -0.049943 0.000000
v 0.775165 -0.068929 0.000000
v 0.749901 -0.085111 0.000000
v 0.721428 -0.098480 0.000000
v 0.690174 -0.109028 0.000000
v 0.656566 -0.116747 0.000000
v 0.621032 -0.121628 0.000000
v 0.583998 -0.123663 0.000000
v 0.545892 -0.122843 0.000000
v 0.590410 -0.331128 0.000000
v 0.804410 -0.331128 0.000000
v 0.981410 -0.306128 0.000000
v 0.992859 -0.311110 0.000000
v 1.003753 -0.315568 0.000000
v 1.014160 -0.319519 0.000000
v 1.024151 -0.322980 0.000000
v 1.033795 -0.325969 0.000000
v 1.043160 -0.328503 0.000000
v 1.052318 -0.330600 0.000000
v 1.061336 -0.332276 0.000000
v 1.070285 -0.333550 0.000000
v 1.079234 -0.334438 0.000000
v 1.088253 -0.334959 0.000000
v 1.097410 -0.335128 0.000000
v 1.114857 -0.334324 0.000000
v 1.131151 -0.331948 0.000000
v 1.146223 -0.328050 0.000000
v 1.160003 -0.322684 0.000000
v 1.172422 -0.315901 0.000000
v 1.183410 -0.307753 0.000000
v 1.192899 -0.298293 0.000000
v 1.200818 -0.287573 0.000000
v 1.207098 -0.275644 0.000000
v 1.211670 -0.262559 0.000000
v 1.214464 -0.248370 0.000000
v 1.215410 -0.233128 0.000000
v 1.214473 -0.218156 0.000000
v 1.211660 -0.204267 0.000000
v 1.206973 -0.191503 0.000000
v 1.200410 -0.179906 0.000000
v 1.191973 -0.169517 0.000000
v 1.181660 -0.160378 0.000000
v 1.169473 -0.152531 0.000000
v 1.155410 -0.146017 0.000000
v 1.139473 -0.140878 0.000000
v 1.121660 -0.137156 0.000000
v 1.101973 -0.134892 0.000000
v 1.080410 -0.134128 0.000000
v 1.080410 -0.044128 0.000000
v 1.103660 -0.044215 0.000000
v 1.124906 -0.042073 0.000000
v 1.144145 -0.037847 0.000000
v 1.161373 -0.031684 0.000000
v 1.176588 -0.023729 0.000000
v 1.189785 -0.014128 0.000000
v 1.200962 -0.003027 0.000000
v 1.210114 0.009427 -0.000000
v 1.217238 0.023091 -0.000000
v 1.222331 0.037816 -0.000000
v 1.225390 0.053459 -0.000000
v 1.226410 0.069872 -0.000000
v 1.225525 0.085881 -0.000000
v 1.222915 0.100863 -0.000000
v 1.218644 0.114747 -0.000000
v 1.212780 0.127464 -0.000000
v 1.205389 0.138946 -0.000000
v 1.196535 0.149122 -0.000000
v 1.186286 0.157923 -0.000000
v 1.174706 0.165279 -0.000000
v 1.161863 0.171122 -0.000000
v 1.147822 0.175381 -0.000000
v 1.132649 0.177988 -0.000000
v 1.116410 0.178872 -0.000000
v 1.103909 0.178517 -0.000000
v 1.091401 0.177451 -0.000000
v 1.078879 0.175669 -0.000000
v 1.066336 0.173168 -0.000000
v 1.053766 0.169945 -0.000000
v 1.041160 0.165997 -0.000000
v 1.028513 0.161319 -0.000000
v 1.015818 0.155909 -0.000000
v 1.003066 0.149762 -0.000000
v 0.990253 0.142876 -0.000000
v 0.977369 0.135247 -0.000000
v 0.964410 0.126872 -0.000000
v 0.964410 0.232872 -0.000000
v 0.976659 0.238891 -0.000000
v 0.988901 0.244441 -0.000000
v 1.001129 0.249512 -0.000000
v 1.013336 0.254094 -0.000000
v 1.025515 0.258176 -0.000000
v 1.037660 0.261747 -0.000000
v 1.049763 0.264797 -0.000000
v 1.061818 0.267316 -0.000000
v 1.073817 0.269294 -0.000000
v 1.085753 0.270719 -0.000000
v 1.097620 0.271582 -0.000000
v 1.109410 0.271872 -0.000000
v 1.140109 0.270129 -0.000000
v 1.169086 0.265011 -0.000000
v 1.196160 0.256684 -0.000000
v 1.221151 0.245316 -0.000000
v 1.243878 0.231073 -0.000000
v 1.264160 0.214122 -0.000000
v 1.281818 0.194629 -0.000000
v 1.296669 0.172761 -0.000000
v 1.308535 0.148684 -0.000000
v 1.317234 0.122566 -0.000000
v 1.322586 0.094573 -0.000000
v 1.324410 0.064872 -0.000000
v 1.323781 0.047380 -0.000000
v 1.321873 0.030025 -0.000000
v 1.318660 0.012981 -0.000000
v 1.314114 -0.003573 0.000000
v 1.308207 -0.019460 0.000000
v 1.300910 -0.034503 0.000000
v 1.292197 -0.048526 0.000000
v 1.282040 -0.061350 0.000000
v 1.270410 -0.072800 0.000000
v 1.257281 -0.082698 0.000000
v 1.242623 -0.090866 0.000000
v 1.226410 -0.097128 0.000000
v 1.241146 -0.105830 0.000000
v 1.254382 -0.114989 0.000000
v 1.266160 -0.124691 0.000000
v 1.276521 -0.135017 0.000000
v 1.285507 -0.146052 0.000000
v 1.293160 -0.157878 0.000000
v 1.299521 -0.170580 0.000000
v 1.304632 -0.184239 0.000000
v 1.308535 -0.198941 0.000000
v 1.311271 -0.214767 0.000000
v 1.312882 -0.231802 0.000000
v 1.313410 -0.250128 0.000000
v 1.311785 -0.276318 0.000000
v 1.306994 -0.300813 0.000000
v 1.299160 -0.323503 0.000000
v 1.288410 -0.344276 0.000000
v 1.274869 -0.363022 0.000000
v 1.258660 -0.379628 0.000000
v 1.239910 -0.393985 0.000000
v 1.218744 -0.405980 0.000000
v 1.195285 -0.415503 0.000000
v 1.169660 -0.422443 0.000000
v 1.141994 -0.426688 0.000000
v 1.112410 -0.428128 0.000000
v 1.099902 -0.427940 0.000000
v 1.087845 -0.427369 0.000000
v 1.076192 -0.426409 0.000000
v 1.064892 -0.425054 0.000000
v 1.053898 -0.423296 0.000000
v 1.043160 -0.421128 0.000000
v 1.032631 -0.418544 0.000000
v 1.022262 -0.415536 0.000000
v 1.012004 -0.412097 0.000000
v 1.001809 -0.408221 0.000000
v 0.991627 -0.403900 0.000000
v 0.981410 -0.399128 0.000000
v 1.700410 -0.419128 -0.208059
v 1.602410 -0.419128 -0.208059
v 1.602410 0.262872 -0.208059
v 1.700410 0.262872 -0.208059
v -1.318590 0.251872 -0.208059
v -1.310230 0.255206 -0.208059
v -1.302131 0.258214 -0.208059
v -1.294262 0.260903 -0.208059
v -1.286590 0.263279 -0.208059
v -1.279085 0.265350 -0.208059
v -1.271715 0.267122 -0.208059
v -1.264449 0.268602 -0.208059
v -1.257257 0.269798 -0.208059
v -1.250106 0.270716 -0.208059
v -1.242965 0.271363 -0.208059
v -1.235803 0.271746 -0.208059
v -1.228590 0.271872 -0.208059
v -1.196164 0.269924 -0.208059
v -1.165520 0.264210 -0.208059
v -1.136855 0.254919 -0.208059
v -1.110368 0.242242 -0.208059
v -1.086255 0.226371 -0.208059
v -1.064715 0.207497 -0.208059
v -1.045946 0.185810 -0.208059
v -1.030145 0.161501 -0.208059
v -1.017512 0.134762 -0.208059
v -1.008243 0.105784 -0.208059
v -1.002536 0.074757 -0.208059
v -1.000590 0.041872 -0.208059
v -1.002436 0.006295 -0.208059
v -1.007942 -0.026406 -0.208059
v -1.017059 -0.056191 -0.208059
v -1.029738 -0.083017 -0.208059
v -1.045931 -0.106843 -0.208059
v -1.065590 -0.127628 -0.208059
v -1.088665 -0.145330 -0.208059
v -1.115108 -0.159906 -0.208059
v -1.144871 -0.171316 -0.208059
v -1.177905 -0.179517 -0.208059
v -1.214160 -0.184468 -0.208059
v -1.253590 -0.186128 -0.208059
v -1.407590 -0.186128 -0.208059
v -1.407590 0.492872 -0.208059
v -1.318590 0.492872 -0.208059
v -1.318590 -0.106128 -0.208059
v -1.237590 -0.106128 -0.208059
v -1.214340 -0.105012 -0.208059
v -1.193094 -0.101698 -0.208059
v -1.173856 -0.096238 -0.208059
v -1.156627 -0.088684 -0.208059
v -1.141412 -0.079088 -0.208059
v -1.128215 -0.067503 -0.208059
v -1.117038 -0.053981 -0.208059
v -1.107886 -0.038573 -0.208059
v -1.100762 -0.021331 -0.208059
v -1.095669 -0.002309 -0.208059
v -1.092610 0.018443 -0.208059
v -1.091590 0.040872 -0.208059
v -1.092818 0.062119 -0.208059
v -1.096418 0.082265 -0.208059
v -1.102262 0.101169 -0.208059
v -1.110219 0.118687 -0.208059
v -1.120163 0.134677 -0.208059
v -1.131965 0.148997 -0.208059
v -1.145496 0.161504 -0.208059
v -1.160627 0.172057 -0.208059
v -1.177230 0.180512 -0.208059
v -1.195178 0.186728 -0.208059
v -1.214340 0.190562 -0.208059
v -1.234590 0.191872 -0.208059
v -1.241609 0.191727 -0.208059
v -1.248659 0.191293 -0.208059
v -1.255730 0.190575 -0.208059
v -1.262812 0.189576 -0.208059
v -1.269894 0.188298 -0.208059
v -1.276965 0.186747 -0.208059
v -1.284015 0.184924 -0.208059
v -1.291034 0.182835 -0.208059
v -1.298012 0.180481 -0.208059
v -1.304937 0.177867 -0.208059
v -1.311800 0.174996 -0.208059
v -1.318590 0.171872 -0.208059
v -0.553590 0.182872 -0.208059
v -0.558544 0.186495 -0.208059
v -0.563391 0.189858 -0.208059
v -0.568105 0.192950 -0.208059
v -0.572664 0.195761 -0.208059
v -0.577042 0.198280 -0.208059
v -0.581215 0.200497 -0.208059
v -0.585159 0.202401 -0.208059
v -0.588849 0.203983 -0.208059
v -0.592262 0.205231 -0.208059
v -0.595372 0.206136 -0.208059
v -0.598156 0.206686 -0.208059
v -0.600590 0.206872 -0.208059
v -0.603235 0.206744 -0.208059
v -0.605668 0.206349 -0.208059
v -0.607887 0.205669 -0.208059
v -0.609886 0.204687 -0.208059
v -0.611663 0.203385 -0.208059
v -0.613215 0.201747 -0.208059
v -0.614537 0.199754 -0.208059
v -0.615627 0.197390 -0.208059
v -0.616480 0.194637 -0.208059
v -0.617094 0.191478 -0.208059
v -0.617465 0.187896 -0.208059
v -0.617590 0.183872 -0.208059
v -0.617590 -0.047128 -0.208059
v -0.619059 -0.071467 -0.208059
v -0.623344 -0.093508 -0.208059
v -0.630262 -0.113284 -0.208059
v -0.639627 -0.130832 -0.208059
v -0.651256 -0.146185 -0.208059
v -0.664965 -0.159378 -0.208059
v -0.680569 -0.170447 -0.208059
v -0.697886 -0.179425 -0.208059
v -0.716730 -0.186347 -0.208059
v -0.736918 -0.191249 -0.208059
v -0.758266 -0.194164 -0.208059
v -0.780590 -0.195128 -0.208059
v -0.796508 -0.194711 -0.208059
v -0.811766 -0.193457 -0.208059
v -0.826371 -0.191363 -0.208059
v -0.840331 -0.188425 -0.208059
v -0.853651 -0.184639 -0.208059
v -0.866340 -0.180003 -0.208059
v -0.878403 -0.174513 -0.208059
v -0.889849 -0.168165 -0.208059
v -0.900684 -0.160956 -0.208059
v -0.910914 -0.152883 -0.208059
v -0.920547 -0.143941 -0.208059
v -0.929590 -0.134128 -0.208059
v -0.929590 -0.037128 -0.208059
v -0.918699 -0.049298 -0.208059
v -0.907544 -0.060318 -0.208059
v -0.896152 -0.070206 -0.208059
v -0.884553 -0.078980 -0.208059
v -0.872773 -0.086657 -0.208059
v -0.860840 -0.093253 -0.208059
v -0.848782 -0.098787 -0.208059
v -0.836627 -0.103276 -0.208059
v -0.824402 -0.106738 -0.208059
v -0.812136 -0.109188 -0.208059
v -0.799856 -0.110646 -0.208059
v -0.787590 -0.111128 -0.208059
v -0.774652 -0.110643 -0.208059
v -0.762840 -0.109165 -0.208059
v -0.752152 -0.106659 -0.208059
v -0.742590 -0.103091 -0.208059
v -0.734152 -0.098426 -0.208059
v -0.726840 -0.092628 -0.208059
v -0.720652 -0.085664 -0.208059
v -0.715590 -0.077499 -0.208059
v -0.711652 -0.068097 -0.208059
v -0.708840 -0.057425 -0.208059
v -0.707152 -0.045446 -0.208059
v -0.706590 -0.032128 -0.208059
v -0.706590 -0.008128 -0.208059
v -0.785590 0.019872 -0.208059
v -0.803725 0.026428 -0.208059
v -0.821923 0.033238 -0.208059
v -0.839871 0.040512 -0.208059
v -0.857256 0.048464 -0.208059
v -0.873767 0.057305 -0.208059
v -0.889090 0.067247 -0.208059
v -0.902913 0.078501 -0.208059
v -0.914923 0.091279 -0.208059
v -0.924809 0.105794 -0.208059
v -0.932256 0.122256 -0.208059
v -0.936954 0.140878 -0.208059
v -0.938590 0.161872 -0.208059
v -0.937686 0.176220 -0.208059
v -0.935025 0.190159 -0.208059
v -0.930684 0.203528 -0.208059
v -0.924738 0.216168 -0.208059
v -0.917265 0.227919 -0.208059
v -0.908340 0.238622 -0.208059
v -0.898040 0.248116 -0.208059
v -0.886442 0.256242 -0.208059
v -0.873621 0.262841 -0.208059
v -0.859655 0.267751 -0.208059
v -0.844619 0.270815 -0.208059
v -0.828590 0.271872 -0.208059
v -0.818341 0.271559 -0.208059
v -0.808099 0.270617 -0.208059
v -0.797871 0.269044 -0.208059
v -0.787664 0.266835 -0.208059
v -0.777485 0.263987 -0.208059
v -0.767340 0.260497 -0.208059
v -0.757237 0.256361 -0.208059
v -0.747182 0.251576 -0.208059
v -0.737184 0.246137 -0.208059
v -0.727247 0.240043 -0.208059
v -0.717380 0.233289 -0.208059
v -0.707590 0.225872 -0.208059
v -0.705316 0.233499 -0.208059
v -0.702483 0.240390 -0.208059
v -0.699074 0.246559 -0.208059
v -0.695071 0.252020 -0.208059
v -0.690457 0.256786 -0.208059
v -0.685215 0.260872 -0.208059
v -0.679327 0.264291 -0.208059
v -0.672775 0.267057 -0.208059
v -0.665543 0.269184 -0.208059
v -0.657613 0.270687 -0.208059
v -0.648968 0.271578 -0.208059
v -0.639590 0.271872 -0.208059
v -0.632799 0.271699 -0.208059
v -0.626344 0.271154 -0.208059
v -0.620105 0.270200 -0.208059
v -0.613960 0.268798 -0.208059
v -0.607787 0.266909 -0.208059
v -0.601465 0.264497 -0.208059
v -0.594872 0.261522 -0.208059
v -0.587886 0.257946 -0.208059
v -0.580387 0.253731 -0.208059
v -0.572252 0.248839 -0.208059
v -0.563360 0.243232 -0.208059
v -0.553590 0.236872 -0.208059
v -0.706590 0.171872 -0.208059
v -0.712631 0.177431 -0.208059
v -0.718756 0.182599 -0.208059
v -0.724965 0.187356 -0.208059
v -0.731256 0.191687 -0.208059
v -0.737631 0.195573 -0.208059
v -0.744090 0.198997 -0.208059
v -0.750632 0.201942 -0.208059
v -0.757257 0.204390 -0.208059
v -0.763965 0.206325 -0.208059
v -0.770756 0.207728 -0.208059
v -0.777631 0.208583 -0.208059
v -0.784590 0.208872 -0.208059
v -0.793622 0.208339 -0.208059
v -0.802178 0.206775 -0.208059
v -0.810199 0.204231 -0.208059
v -0.817627 0.200761 -0.208059
v -0.824402 0.196415 -0.208059
v -0.830465 0.191247 -0.208059
v -0.835757 0.185308 -0.208059
v -0.840219 0.178650 -0.208059
v -0.843793 0.171325 -0.208059
v -0.846419 0.163386 -0.208059
v -0.848037 0.154884 -0.208059
v -0.848590 0.145872 -0.208059
v -0.847247 0.133169 -0.208059
v -0.843349 0.121497 -0.208059
v -0.837090 0.110762 -0.208059
v -0.828664 0.100872 -0.208059
v -0.818266 0.091731 -0.208059
v -0.806090 0.083247 -0.208059
v -0.792331 0.075325 -0.208059
v -0.777182 0.067872 -0.208059
v -0.760840 0.060794 -0.208059
v -0.743497 0.053997 -0.208059
v -0.725349 0.047387 -0.208059
v -0.706590 0.040872 -0.208059
v -0.331590 0.271872 -0.208059
v -0.301590 0.271872 -0.208059
v -0.103590 -0.186128 -0.208059
v -0.198590 -0.186128 -0.208059
v -0.209669 -0.163128 -0.208059
v -0.222787 -0.140128 -0.208059
v -0.237264 -0.117128 -0.208059
v -0.252420 -0.094128 -0.208059
v -0.267577 -0.071128 -0.208059
v -0.282054 -0.048128 -0.208059
v -0.295172 -0.025128 -0.208059
v -0.306251 -0.002128 -0.208059
v -0.314612 0.020872 -0.208059
v -0.319575 0.043872 -0.208059
v -0.320461 0.066872 -0.208059
v -0.316590 0.089872 -0.208059
v -0.437590 -0.186128 -0.208059
v -0.534590 -0.186128 -0.208059
v 0.370410 -0.078128 -0.208059
v 0.368602 -0.129129 -0.208059
v 0.363281 -0.176971 -0.208059
v 0.354598 -0.221409 -0.208059
v 0.342706 -0.262202 -0.208059
v 0.327760 -0.299106 -0.208059
v 0.309910 -0.331878 -0.208059
v 0.289311 -0.360275 -0.208059
v 0.266114 -0.384054 -0.208059
v 0.240473 -0.402972 -0.208059
v 0.212540 -0.416786 -0.208059
v 0.182468 -0.425252 -0.208059
v 0.150410 -0.428128 -0.208059
v 0.118352 -0.425252 -0.208059
v 0.088281 -0.416786 -0.208059
v 0.060348 -0.402972 -0.208059
v 0.034706 -0.384054 -0.208059
v 0.011510 -0.360275 -0.208059
v -0.009090 -0.331878 -0.208059
v -0.026939 -0.299106 -0.208059
v -0.041886 -0.262202 -0.208059
v -0.053777 -0.221409 -0.208059
v -0.062460 -0.176971 -0.208059
v -0.067782 -0.129129 -0.208059
v -0.069590 -0.078128 -0.208059
v -0.067782 -0.027127 -0.208059
v -0.062460 0.020714 -0.208059
v -0.053777 0.065153 -0.208059
v -0.041886 0.105946 -0.208059
v -0.026939 0.142850 -0.208059
v -0.009090 0.175622 -0.208059
v 0.011510 0.204019 -0.208059
v 0.034706 0.227798 -0.208059
v 0.060348 0.246716 -0.208059
v 0.088281 0.260529 -0.208059
v 0.118352 0.268996 -0.208059
v 0.150410 0.271872 -0.208059
v 0.182468 0.268996 -0.208059
v 0.212540 0.260529 -0.208059
v 0.240473 0.246716 -0.208059
v 0.266114 0.227798 -0.208059
v 0.289311 0.204019 -0.208059
v 0.309910 0.175622 -0.208059
v 0.327760 0.142850 -0.208059
v 0.342706 0.105946 -0.208059
v 0.354598 0.065153 -0.208059
v 0.363281 0.020714 -0.208059
v 0.368602 -0.027127 -0.208059
v 0.185989 -0.078128 -0.208059
v 0.186740 -0.063269 -0.208059
v 0.188631 -0.042889 -0.208059
v 0.191117 -0.018287 -0.208059
v 0.193654 0.009240 -0.208059
v 0.195696 0.038391 -0.208059
v 0.196700 0.067870 -0.208059
v 0.196120 0.096376 -0.208059
v 0.193412 0.122611 -0.208059
v 0.188032 0.145277 -0.208059
v 0.179435 0.163075 -0.208059
v 0.167075 0.174706 -0.208059
v 0.150410 0.178872 -0.208059
v 0.133745 0.174706 -0.208059
v 0.121386 0.163075 -0.208059
v 0.112788 0.145277 -0.208059
v 0.107408 0.122611 -0.208059
v 0.104701 0.096376 -0.208059
v 0.104121 0.067870 -0.208059
v 0.105124 0.038391 -0.208059
v 0.107167 0.009240 -0.208059
v 0.109703 -0.018287 -0.208059
v 0.112189 -0.042889 -0.208059
v 0.114080 -0.063269 -0.208059
v 0.114831 -0.078128 -0.208059
v 0.114080 -0.092987 -0.208059
v 0.112189 -0.113367 -0.208059
v 0.109703 -0.137970 -0.208059
v 0.107167 -0.165496 -0.208059
v 0.105124 -0.194648 -0.208059
v 0.104121 -0.224126 -0.208059
v 0.104701 -0.252632 -0.208059
v 0.107408 -0.278868 -0.208059
v 0.112788 -0.301534 -0.208059
v 0.121386 -0.319332 -0.208059
v 0.133745 -0.330963 -0.208059
v 0.150410 -0.335128 -0.208059
v 0.167075 -0.330963 -0.208059
v 0.179435 -0.319332 -0.208059
v 0.188032 -0.301534 -0.208059
v 0.193412 -0.278868 -0.208059
v 0.196120 -0.252632 -0.208059
v 0.196700 -0.224126 -0.208059
v 0.195696 -0.194648 -0.208059
v 0.193654 -0.165496 -0.208059
v 0.191117 -0.137970 -0.208059
v 0.188631 -0.113367 -0.208059
v 0.186740 -0.092987 -0.208059
v 0.804410 -0.419128 -0.208059
v 0.501410 -0.419128 -0.208059
v 0.501410 -0.064128 -0.208059
v 0.537623 -0.070991 -0.208059
v 0.571197 -0.073781 -0.208059
v 0.602035 -0.072800 -0.208059
v 0.630040 -0.068350 -0.208059
v 0.655114 -0.060734 -0.208059
v 0.677160 -0.050253 -0.208059
v 0.696081 -0.037210 -0.208059
v 0.711780 -0.021906 -0.208059
v 0.724160 -0.004644 -0.208059
v 0.733123 0.014275 -0.208059
v 0.738572 0.034547 -0.208059
v 0.740410 0.055872 -0.208059
v 0.739106 0.072367 -0.208059
v 0.735313 0.088247 -0.208059
v 0.729207 0.103356 -0.208059
v 0.720966 0.117538 -0.208059
v 0.710766 0.130637 -0.208059
v 0.698785 0.142497 -0.208059
v 0.685200 0.152960 -0.208059
v 0.670188 0.161872 -0.208059
v 0.653926 0.169075 -0.208059
v 0.636591 0.174413 -0.208059
v 0.618360 0.177731 -0.208059
v 0.599410 0.178872 -0.208059
v 0.586911 0.178518 -0.208059
v 0.574415 0.177460 -0.208059
v 0.561926 0.175700 -0.208059
v 0.549447 0.173242 -0.208059
v 0.536983 0.170090 -0.208059
v 0.524535 0.166247 -0.208059
v 0.512109 0.161716 -0.208059
v 0.499706 0.156501 -0.208059
v 0.487332 0.150606 -0.208059
v 0.474989 0.144034 -0.208059
v 0.462680 0.136788 -0.208059
v 0.450410 0.128872 -0.208059
v 0.450410 0.229872 -0.208059
v 0.464924 0.237000 -0.208059
v 0.479021 0.243400 -0.208059
v 0.492785 0.249091 -0.208059
v 0.506299 0.254094 -0.208059
v 0.519646 0.258431 -0.208059
v 0.532910 0.262122 -0.208059
v 0.546174 0.265188 -0.208059
v 0.559521 0.267650 -0.208059
v 0.573035 0.269528 -0.208059
v 0.586799 0.270844 -0.208059
v 0.600896 0.271618 -0.208059
v 0.615410 0.271872 -0.208059
v 0.646897 0.269989 -0.208059
v 0.676720 0.264474 -0.208059
v 0.704676 0.255528 -0.208059
v 0.730558 0.243353 -0.208059
v 0.754163 0.228151 -0.208059
v 0.775285 0.210122 -0.208059
v 0.793720 0.189468 -0.208059
v 0.809262 0.166390 -0.208059
v 0.821707 0.141091 -0.208059
v 0.830850 0.113770 -0.208059
v 0.836486 0.084630 -0.208059
v 0.838410 0.053872 -0.208059
v 0.835596 0.023754 -0.208059
v 0.827437 -0.003593 -0.208059
v 0.814360 -0.028162 -0.208059
v 0.796794 -0.049943 -0.208059
v 0.775165 -0.068929 -0.208059
v 0.749901 -0.085111 -0.208059
v 0.721428 -0.098480 -0.208059
v 0.690174 -0.109028 -0.208059
v 0.656566 -0.116747 -0.208059
v 0.621032 -0.121628 -0.208059
v 0.583998 -0.123663 -0.208059
v 0.545892 -0.122843 -0.208059
v 0.590410 -0.331128 -0.208059
v 0.804410 -0.331128 -0.208059
v 0.981410 -0.306128 -0.208059
v 0.992859 -0.311110 -0.208059
v 1.003753 -0.315568 -0.208059
v 1.014160 -0.319519 -0.208059
v 1.024151 -0.322980 -0.208059
v 1.033795 -0.325969 -0.208059
v 1.043160 -0.328503 -0.208059
v 1.052318 -0.330600 -0.208059
v 1.061336 -0.332276 -0.208059
v 1.070285 -0.333550 -0.208059
v 1.079234 -0.334438 -0.208059
v 1.088253 -0.334959 -0.208059
v 1.097410 -0.335128 -0.208059
v 1.114857 -0.334324 -0.208059
v 1.131151 -0.331948 -0.208059
v 1.146223 -0.328050 -0.208059
v 1.160003 -0.322684 -0.208059
v 1.172422 -0.315901 -0.208059
v 1.183410 -0.307753 -0.208059
v 1.192899 -0.298293 -0.208059
v 1.200818 -0.287573 -0.208059
v 1.207098 -0.275644 -0.208059
v 1.211670 -0.262559 -0.208059
v 1.214464 -0.248370 -0.208059
v 1.215410 -0.233128 -0.208059
v 1.214473 -0.218156 -0.208059
v 1.211660 -0.204267 -0.208059
v 1.206973 -0.191503 -0.208059
v 1.200410 -0.179906 -0.208059
v 1.191973 -0.169517 -0.208059
v 1.181660 -0.160378 -0.208059
v 1.169473 -0.152531 -0.208059
v 1.155410 -0.146017 -0.208059
v 1.139473 -0.140878 -0.208059
v 1.121660 -0.137156 -0.208059
v 1.101973 -0.134892 -0.208059
v 1.080410 -0.134128 -0.208059
v 1.080410 -0.044128 -0.208059
v 1.103660 -0.044215 -0.208059
v 1.124906 -0.042073 -0.208059
v 1.144145 -0.037847 -0.208059
v 1.161373 -0.031684 -0.208059
v 1.176588 -0.023729 -0.208059
v 1.189785 -0.014128 -0.208059
v 1.200962 -0.003027 -0.208059
v 1.210114 0.009427 -0.208059
v 1.217238 0.023091 -0.208059
v 1.222331 0.037816 -0.208059
v 1.225390 0.053459 -0.208059
v 1.226410 0.069872 -0.208059
v 1.225525 0.085881 -0.208059
v 1.222915 0.100863 -0.208059
v 1.218644 0.114747 -0.208059
v 1.212780 0.127464 -0.208059
v 1.205389 0.138946 -0.208059
v 1.196535 0.149122 -0.208059
v 1.186286 0.157923 -0.208059
v 1.174706 0.165279 -0.208059
v 1.161863 0.171122 -0.208059
v 1.147822 0.175381 -0.208059
v 1.132649 0.177988 -0.208059
v 1.116410 0.178872 -0.208059
v 1.103909 0.178517 -0.208059
v 1.091401 0.177451 -0.208059
v 1.078879 0.175669 -0.208059
v 1.066336 0.173168 -0.208059
v 1.053766 0.169945 -0.208059
v 1.041160 0.165997 -0.208059
v 1.028513 0.161319 -0.208059
v 1.015818 0.155909 -0.208059
v 1.003066 0.149762 -0.208059
v 0.990253 0.142876 -0.208059
v 0.977369 0.135247 -0.208059
v 0.964410 0.126872 -0.208059
v 0.964410 0.232872 -0.208059
v 0.976659 0.238891 -0.208059
v 0.988901 0.244441 -0.208059
v 1.001129 0.249512 -0.208059
v 1.013336 0.254094 -0.208059
v 1.025515 0.258176 -0.208059
v 1.037660 0.261747 -0.208059
v 1.049763 0.264797 -0.208059
v 1.061818 0.267316 -0.208059
v 1.073817 0.269294 -0.208059
v 1.085753 0.270719 -0.208059
v 1.097620 0.271582 -0.208059
v 1.109410 0.271872 -0.208059
v 1.140109 0.270129 -0.208059
v 1.169086 0.265011 -0.208059
v 1.196160 0.256684 -0.208059
v 1.221151 0.245316 -0.208059
v 1.243878 0.231073 -0.208059
v 1.264160 0.214122 -0.208059
v 1.281818 0.194629 -0.208059
v 1.296669 0.172761 -0.208059
v 1.308535 0.148684 -0.208059
v 1.317234 0.122566 -0.208059
v 1.322586 0.094573 -0.208059
v 1.324410 0.064872 -0.208059
v 1.323781 0.047380 -0.208059
v 1.321873 0.030025 -0.208059
v 1.318660 0.012981 -0.208059
v 1.314114 -0.003573 -0.208059
v 1.308207 -0.019460 -0.208059
v 1.300910 -0.034503 -0.208059
v 1.292197 -0.048526 -0.208059
v 1.282040 -0.061350 -0.208059
v 1.270410 -0.072800 -0.208059
v 1.257281 -0.082698 -0.208059
v 1.242623 -0.090866 -0.208059
v 1.226410 -0.097128 -0.208059
v 1.241146 -0.105830 -0.208059
v 1.254382 -0.114989 -0.208059
v 1.266160 -0.124691 -0.208059
v 1.276521 -0.135017 -0.208059
v 1.285507 -0.146052 -0.208059
v 1.293160 -0.157878 -0.208059
v 1.299521 -0.170580 -0.208059
v 1.304632 -0.184239 -0.208059
v 1.308535 -0.198941 -0.208059
v 1.311271 -0.214767 -0.208059
v 1.312882 -0.231802 -0.208059
v 1.313410 -0.250128 -0.208059
v 1.311785 -0.276318 -0.208059
v 1.306994 -0.300813 -0.208059
v 1.299160 -0.323503 -0.208059
v 1.288410 -0.344276 -0.208059
v 1.274869 -0.363022 -0.208059
v 1.258660 -0.379628 -0.208059
v 1.239910 -0.393985 -0.208059
v 1.218744 -0.405980 -0.208059
v 1.195285 -0.415503 -0.208059
v 1.169660 -0.422443 -0.208059
v 1.141994 -0.426688 -0.208059
v 1.112410 -0.428128 -0.208059
v 1.099902 -0.427940 -0.208059
v 1.087845 -0.427369 -0.208059
v 1.076192 -0.426409 -0.208059
v 1.064892 -0.425054 -0.208059
v 1.053898 -0.423296 -0.208059
v 1.043160 -0.421128 -0.208059
v 1.032631 -0.418544 -0.208059
v 1.022262 -0.415536 -0.208059
v 1.012004 -0.412097 -0.208059
v 1.001809 -0.408221 -0.208059
v 0.991627 -0.403900 -0.208059
v 0.981410 -0.399128 -0.208059
vn -0.0000 -0.0000 1.0000
vn -0.0000 -0.0000 -1.0000
vn -0.9724 -0.2333 -0.0000
vn -0.9340 -0.3571 -0.0000
vn 0.3536 0.9354 -0.0000
vn 0.3352 0.9422 -0.0000
vn 0.6569 -0.7540 -0.0000
vn 0.5205 -0.8539 -0.0000
vn 0.9927 0.1202 -0.0000
vn 1.0000 0.0036 -0.0000
vn -0.8287 -0.5597 -0.0000
vn -0.7478 -0.6639 -0.0000
vn -0.3981 0.9174 -0.0000
vn -0.3673 0.9301 -0.0000
vn -0.8487 0.5288 -0.0000
vn -0.9184 0.3957 -0.0000
vn -0.9954 0.0957 -0.0000
vn -1.0000 -0.0061 -0.0000
vn 0.7243 0.6895 -0.0000
vn 0.6795 0.7337 -0.0000
vn -0.0718 0.9974 -0.0000
vn -0.0355 0.9994 -0.0000
vn 0.5205 0.8539 -0.0000
vn 0.6569 0.7540 -0.0000
vn 0.4090 -0.9126 -0.0000
vn 0.4502 -0.8930 -0.0000
vn 0.2220 -0.9750 -0.0000
vn 0.2737 -0.9618 -0.0000
vn 1.0000 -0.0000 -0.0000
vn 0.9999 -0.0166 -0.0000
vn 0.9919 -0.1272 -0.0000
vn -0.5545 0.8322 -0.0000
vn -0.6870 0.7266 -0.0000
vn -0.0000 -1.0000 -0.0000
vn 0.0212 0.9998 -0.0000
vn 0.1219 0.9925 -0.0000
vn -0.1836 0.9830 -0.0000
vn -0.1406 0.9901 -0.0000
vn 0.9732 -0.2298 -0.0000
vn 0.9326 -0.3609 -0.0000
vn 0.8180 -0.5753 -0.0000
vn 0.7442 -0.6680 -0.0000
vn 0.1204 -0.9927 -0.0000
vn 0.1586 -0.9873 -0.0000
vn -0.0362 0.9993 -0.0000
vn 0.0211 0.9998 -0.0000
vn -0.1810 -0.9835 -0.0000
vn -0.3587 -0.9335 -0.0000
vn -1.0000 -0.0000 -0.0000
vn -0.9973 0.0730 -0.0000
vn -0.9981 -0.0616 -0.0000
vn -0.9859 -0.1672 -0.0000
vn -0.6815 -0.7318 -0.0000
vn -0.7800 -0.6258 -0.0000
vn -0.2245 0.9745 -0.0000
vn 0.8682 -0.4962 -0.0000
vn 0.7793 -0.6266 -0.0000
vn 0.9973 -0.0730 -0.0000
vn -0.5205 -0.8539 -0.0000
vn -0.6569 -0.7540 -0.0000
vn -0.4521 -0.8920 -0.0000
vn -0.4145 -0.9101 -0.0000
vn 0.3708 0.9287 -0.0000
vn 0.4919 0.8707 -0.0000
vn 0.5457 -0.8380 -0.0000
vn 0.4246 -0.9054 -0.0000
vn 0.9999 0.0127 -0.0000
vn 0.9974 -0.0727 -0.0000
vn 0.9974 0.0715 -0.0000
vn 0.8343 -0.5513 -0.0000
vn 0.7217 -0.6922 -0.0000
vn -0.1012 0.9949 -0.0000
vn -0.2140 0.9768 -0.0000
vn -0.1330 0.9911 -0.0000
vn -0.0176 0.9998 -0.0000
vn -0.9040 0.4275 -0.0000
vn -0.8456 0.5339 -0.0000
vn -0.9717 -0.2361 -0.0000
vn -0.9348 -0.3552 -0.0000
vn -0.1006 -0.9949 -0.0000
vn -0.1385 -0.9904 -0.0000
vn 0.9891 -0.1470 -0.0000
vn 0.9978 -0.0670 -0.0000
vn -0.7647 -0.6444 -0.0000
vn -0.3381 0.9411 -0.0000
vn -0.4688 0.8833 -0.0000
vn -0.9422 -0.3349 -0.0000
vn -0.9422 0.3349 -0.0000
vn -0.9859 0.1672 -0.0000
vn 0.5473 -0.8370 -0.0000
vn 0.4213 -0.9069 -0.0000
vn 0.9657 -0.2598 -0.0000
vn 0.9191 -0.3940 -0.0000
vn 0.2323 -0.9726 -0.0000
vn 0.2678 -0.9635 -0.0000
vn -0.3643 -0.9313 -0.0000
vn -0.2561 -0.9667 -0.0000
vn 0.7417 0.6708 -0.0000
vn 0.8087 0.5882 -0.0000
vn -0.9974 -0.0715 -0.0000
vn -0.0541 -0.9985 -0.0000
vn -0.1120 -0.9937 -0.0000
vn -0.8122 -0.5833 -0.0000
vn -0.7269 -0.6867 -0.0000
vn -0.3610 0.9326 -0.0000
vn -0.5001 0.8660 -0.0000
vn -0.6569 0.7540 -0.0000
vn -0.5205 0.8539 -0.0000
vn 0.9717 0.2361 -0.0000
vn 0.9885 0.1513 -0.0000
vn 0.5750 0.8182 -0.0000
vn 0.5152 0.8571 -0.0000
vn 0.3117 0.9502 -0.0000
vn 0.2787 0.9604 -0.0000
vn -0.7175 0.6965 -0.0000
vn -0.8177 0.5756 -0.0000
vn -0.3116 -0.9502 -0.0000
vn -0.2368 -0.9716 -0.0000
vn -0.3503 -0.9367 -0.0000
vn -0.2371 -0.9715 -0.0000
vn -0.8426 0.5385 -0.0000
vn -0.7643 0.6449 -0.0000
vn -0.4070 -0.9134 -0.0000
vn -0.4232 -0.9060 -0.0000
vn -0.6351 0.7725 -0.0000
vn -0.7583 0.6519 -0.0000
vn -0.8470 0.5315 -0.0000
vn -0.9170 0.3989 -0.0000
vn -0.2182 -0.9759 -0.0000
vn -0.2586 -0.9660 -0.0000
vn -0.6269 -0.7791 -0.0000
vn -0.5141 -0.8577 -0.0000
vn -0.9981 0.0616 -0.0000
vn 0.4336 0.9011 -0.0000
vn 0.4729 0.8811 -0.0000
vn 0.3364 -0.9417 -0.0000
vn 0.3696 -0.9292 -0.0000
vn 0.9995 -0.0301 -0.0000
vn 0.9921 -0.1258 -0.0000
vn 0.4794 -0.8776 -0.0000
vn 0.8063 -0.5915 -0.0000
vn 0.4846 0.8747 -0.0000
vn 0.5967 0.8025 -0.0000
vn 0.9973 0.0730 -0.0000
vn -0.2398 -0.9708 -0.0000
vn -0.3085 -0.9512 -0.0000
vn -0.8889 0.4581 -0.0000
vn -0.9470 0.3213 -0.0000
vn -0.4408 0.8976 -0.0000
vn -0.4271 0.9042 -0.0000
vn -0.9974 0.0715 -0.0000
vn -0.0139 -0.9999 -0.0000
vn 0.1045 -0.9945 -0.0000
vn -0.1198 -0.9928 -0.0000
vn -0.9441 -0.3297 -0.0000
vn -0.9868 -0.1617 -0.0000
vn -0.2623 -0.9650 -0.0000
vn -0.1306 -0.9914 -0.0000
vn 0.9986 -0.0520 -0.0000
vn 1.0000 -0.0068 -0.0000
vn 0.3821 0.9241 -0.0000
vn 0.3097 0.9508 -0.0000
vn 0.4020 -0.9156 -0.0000
vn 0.4180 -0.9084 -0.0000
vn -0.1630 -0.9866 -0.0000
vn -0.0825 -0.9966 -0.0000
vn 0.4355 -0.9002 -0.0000
vn 0.3194 -0.9476 -0.0000
vn 0.9422 -0.3349 -0.0000
vn 0.9859 -0.1672 -0.0000
vn -0.9650 0.2622 -0.0000
vn -0.9918 0.1279 -0.0000
vn 0.9981 -0.0616 -0.0000
vn 0.9158 -0.4017 -0.0000
vn 0.8423 -0.5390 -0.0000
vn 0.2272 -0.9738 -0.0000
vn 0.3681 -0.9298 -0.0000
vn -0.8766 -0.4812 -0.0000
vn -0.5802 -0.8144 -0.0000
vn -0.5593 -0.8290 -0.0000
vn -0.9954 -0.0961 -0.0000
vn -0.9953 -0.0965 -0.0000
vn 0.9981 0.0616 -0.0000
vn 0.9859 0.1672 -0.0000
vn 0.9110 0.4124 -0.0000
vn 0.8158 0.5784 -0.0000
vn 0.9422 0.3349 -0.0000
vn -0.4500 -0.8930 -0.0000
vn -0.5199 -0.8542 -0.0000
vn 0.7476 -0.6642 -0.0000
vn 0.6378 -0.7702 -0.0000
vn -0.9959 0.0910 -0.0000
vn -0.9998 0.0211 -0.0000
vn 0.6612 -0.7502 -0.0000
vn 0.7825 -0.6226 -0.0000
vn -0.9849 0.1734 -0.0000
vn -1.0000 0.0035 -0.0000
vn -0.5872 -0.8094 -0.0000
vn -0.6504 -0.7596 -0.0000
vn 0.1819 0.9833 -0.0000
vn 0.1570 0.9876 -0.0000
vn 0.0786 0.9969 -0.0000
vn 0.6992 0.7149 -0.0000
vn 0.2722 -0.9623 -0.0000
vn 0.1801 -0.9836 -0.0000
vn 0.0009 1.0000 -0.0000
vn -0.0809 0.9967 -0.0000
vn -0.9921 0.1254 -0.0000
vn -0.9686 0.2487 -0.0000
vn 0.2702 -0.9628 -0.0000
vn 0.3189 -0.9478 -0.0000
vn 0.9920 0.1264 -0.0000
vn 0.9999 -0.0154 -0.0000
vn 0.4034 -0.9150 -0.0000
vn 0.2909 -0.9568 -0.0000
vn -0.1779 -0.9840 -0.0000
vn 0.4132 -0.9106 -0.0000
vn -0.3370 -0.9415 -0.0000
vn -0.3452 -0.9385 -0.0000
vn 0.0956 -0.9954 -0.0000
vn -0.5597 0.8287 -0.0000
vn -0.4464 0.8948 -0.0000
vn -0.3358 0.9419 -0.0000
vn -0.3096 0.9509 -0.0000
vn -0.2467 0.9691 -0.0000
vn -0.2033 0.9791 -0.0000
vn -0.3631 -0.9318 -0.0000
vn -0.3959 -0.9183 -0.0000
vn 0.2975 0.9547 -0.0000
vn 0.3522 0.9359 -0.0000
vn 0.1199 0.9928 -0.0000
vn 0.0782 0.9969 -0.0000
vn -0.8350 -0.5502 -0.0000
vn -0.8407 -0.5415 -0.0000
vn -0.1596 0.9872 -0.0000
vn -0.1165 0.9932 -0.0000
vn -0.4010 0.9161 -0.0000
vn -0.5272 0.8497 -0.0000
vn -0.9526 -0.3044 -0.0000
vn -0.8982 -0.4397 -0.0000
vn -0.8761 0.4821 -0.0000
vn -0.8076 0.5898 -0.0000
vn 0.9769 0.2137 -0.0000
vn 0.9912 0.1324 -0.0000
vn 0.9672 0.2542 -0.0000
vn 0.0381 0.9993 -0.0000
vn 0.5244 0.8515 -0.0000
vn 0.5395 0.8420 -0.0000
vn -0.0956 0.9954 -0.0000
vn -0.0486 0.9988 -0.0000
vn -0.2345 0.9721 -0.0000
vn -0.1445 0.9895 -0.0000
vn -0.7244 0.6893 -0.0000
vn -0.6272 0.7789 -0.0000
vn 0.7093 0.7049 -0.0000
vn 0.7992 0.6011 -0.0000
vn 0.9817 -0.1904 -0.0000
vn 0.1196 -0.9928 -0.0000
vn 0.2415 -0.9704 -0.0000
vn 0.9040 -0.4275 -0.0000
vn 0.8456 -0.5339 -0.0000
vn 0.4539 0.8910 -0.0000
vn 0.5005 0.8658 -0.0000
vn 0.5027 0.8645 -0.0000
vn 0.9159 -0.4015 -0.0000
vn -0.9622 -0.2724 -0.0000
vn -0.9075 -0.4200 -0.0000
vn 0.8063 0.5915 -0.0000
vn 0.4794 0.8776 -0.0000
vn 0.3889 0.9213 -0.0000
vn 0.3668 0.9303 -0.0000
vn -0.6771 -0.7359 -0.0000
vn -0.6611 -0.7503 -0.0000
vn 0.1884 -0.9821 -0.0000
vn 0.0888 -0.9961 -0.0000
vn -0.0029 1.0000 -0.0000
vn 0.0548 0.9985 -0.0000
vn 0.9922 0.1248 -0.0000
vn -0.6484 0.7613 -0.0000
vn -0.9885 -0.1513 -0.0000
vn -0.3072 0.9517 -0.0000
vn -0.4220 0.9066 -0.0000
vn 0.4827 -0.8758 -0.0000
vn 0.5957 -0.8032 -0.0000
vn 0.6169 0.7870 -0.0000
vn 0.5358 0.8443 -0.0000
vn 0.1177 0.9930 -0.0000
vn 0.1869 0.9824 -0.0000
vn -0.4763 -0.8793 -0.0000
vn -0.3530 -0.9356 -0.0000
vn -0.5878 -0.8090 -0.0000
vn -0.5439 -0.8391 -0.0000
vn -0.5388 0.8425 -0.0000
vn -0.6526 0.7577 -0.0000
vn -0.8577 -0.5142 -0.0000
vn 0.8682 0.4963 -0.0000
vn 0.9167 0.3997 -0.0000
vn -0.9878 -0.1560 -0.0000
vn -0.4820 -0.8762 -0.0000
vn -0.0130 -0.9999 -0.0000
vn 0.0567 -0.9984 -0.0000
vn -0.2499 0.9683 -0.0000
vn -0.2167 0.9762 -0.0000
vn -0.9471 0.3209 -0.0000
vn -0.9793 0.2026 -0.0000
vn 0.3652 -0.9309 -0.0000
vn -0.4947 -0.8691 -0.0000
vn -0.4397 -0.8981 -0.0000
vn -0.2302 -0.9731 -0.0000
vn -0.4270 0.9042 -0.0000
vn 0.1810 0.9835 -0.0000
vn 0.3587 0.9335 -0.0000
vn -0.2895 0.9572 -0.0000
vn -0.4179 0.9085 -0.0000
vn -0.1596 -0.9872 -0.0000
vn 0.4196 0.9077 -0.0000
vn 0.3812 0.9245 -0.0000
vn 0.7647 -0.6444 -0.0000
vn 0.9974 -0.0715 -0.0000
vn -1.0000 -0.0003 -0.0000
vn -0.0945 0.9955 -0.0000
vn -0.2243 0.9745 -0.0000
vn 0.9303 0.3667 -0.0000
vn 0.9700 0.2433 -0.0000
vn -0.0750 0.9972 -0.0000
vn 0.7905 -0.6125 -0.0000
vn 0.8667 -0.4988 -0.0000
vn 0.9262 -0.3771 -0.0000
vn 0.9680 -0.2510 -0.0000
vn -0.1457 0.9893 -0.0000
vn -0.1088 0.9941 -0.0000
vn 0.5875 0.8092 -0.0000
vn 0.6929 0.7211 -0.0000
vn -0.5086 -0.8610 -0.0000
vn -0.5887 -0.8084 -0.0000
vn -0.9656 0.2600 -0.0000
vn -0.9919 0.1272 -0.0000
vn -1.0000 0.0034 -0.0000
vn -0.9935 -0.1136 -0.0000
vn -0.9921 -0.1252 -0.0000
vn -0.9979 0.0641 -0.0000
vn 0.0410 -0.9992 -0.0000
vn 0.0812 -0.9967 -0.0000
vn -0.9986 0.0520 -0.0000
vn -1.0000 0.0068 -0.0000
vn -0.0000 1.0000 -0.0000
vn -0.3346 0.9424 -0.0000
vn 0.9251 -0.3797 -0.0000
vn -0.9861 0.1660 -0.0000
vn 0.3230 -0.9464 -0.0000
vn 0.9940 -0.1091 -0.0000
vn -0.3956 0.9184 -0.0000
vn -0.2663 0.9639 -0.0000
vn 0.1810 -0.9835 -0.0000
vn -0.9973 -0.0730 -0.0000
vn 0.9922 -0.1244 -0.0000
vn 0.9998 0.0220 -0.0000
vn -0.9142 0.4052 -0.0000
vn 0.9954 0.0961 -0.0000
vn 0.9953 0.0965 -0.0000
vn 0.7861 0.6181 -0.0000
vn 0.8642 0.5032 -0.0000
vn 0.2463 0.9692 -0.0000
vn -0.0240 0.9997 -0.0000
vn -0.9885 0.1513 -0.0000
vn 0.3412 0.9400 -0.0000
vn 0.5085 0.8611 -0.0000
vn 0.5391 0.8422 -0.0000
vn -0.9931 -0.1170 -0.0000
vn -0.9428 0.3334 -0.0000
vn -0.9016 0.4327 -0.0000
vn 0.9337 -0.3582 -0.0000
vn 0.9698 -0.2438 -0.0000
vn -0.7573 0.6530 -0.0000
vn -0.4794 0.8776 -0.0000
vn -0.8063 0.5915 -0.0000
vn 0.3247 0.9458 -0.0000
vn 0.3841 0.9233 -0.0000
vn 0.6532 -0.7572 -0.0000
vn 0.6697 -0.7426 -0.0000
vn 0.3603 -0.9328 -0.0000
vn 0.9891 -0.1474 -0.0000
vn -0.9447 0.3280 -0.0000
vn -0.8817 -0.4718 -0.0000
vn 0.4736 0.8807 -0.0000
vn 0.0893 -0.9960 -0.0000
vn 0.0085 -1.0000 -0.0000
vn 0.9040 0.4275 -0.0000
vn 0.9447 0.3280 -0.0000
vn -0.3121 -0.9501 -0.0000
vn -0.2399 -0.9708 -0.0000
vn 0.8517 -0.5240 -0.0000
vn 0.7652 -0.6438 -0.0000
vn 0.1959 -0.9806 -0.0000
vn -0.7647 0.6444 -0.0000
vn 0.6298 0.7768 -0.0000
vn 0.9772 0.2122 -0.0000
vn -0.5984 0.8012 -0.0000
vn -0.5614 -0.8276 -0.0000
vn -0.4585 -0.8887 -0.0000
vn 0.3025 -0.9531 -0.0000
vn -0.3689 -0.9295 -0.0000
vn -0.8017 0.5978 -0.0000
vn -0.4794 -0.8776 -0.0000
vn 0.5248 -0.8512 -0.0000
vn 0.5421 -0.8403 -0.0000
vn -0.2983 -0.9545 -0.0000
vn -0.3367 -0.9416 -0.0000
vn -0.3705 0.9288 -0.0000
vn -0.3594 0.9332 -0.0000
vn -0.3915 -0.9202 -0.0000
vn 0.4539 -0.8911 -0.0000
vn 0.4916 -0.8708 -0.0000
vn 0.2069 -0.9784 -0.0000
vn -0.8721 -0.4894 -0.0000
vn -0.1353 -0.9908 -0.0000
vn 0.2438 0.9698 -0.0000
vn 0.3660 0.9306 -0.0000
vn 0.9954 -0.0961 -0.0000
vn 0.9967 -0.0808 -0.0000
vn 0.9999 -0.0155 -0.0000
vn 0.9527 0.3039 -0.0000
vn 0.9653 -0.2612 -0.0000
vn -0.9986 -0.0520 -0.0000
vn -0.9967 -0.0808 -0.0000
vn -0.1740 -0.9847 -0.0000
vn 0.0611 0.9981 -0.0000
vn 0.0161 0.9999 -0.0000
vn 0.1155 0.9933 -0.0000
vn 0.4832 -0.8755 -0.0000
vn 0.3730 -0.9278 -0.0000
vn -0.3790 -0.9254 -0.0000
vn 0.4508 0.8926 -0.0000
vn 0.3000 -0.9539 -0.0000
vn -0.8616 0.5075 -0.0000
vn -0.9385 0.3453 -0.0000
vn -0.6682 0.7440 -0.0000
vn -0.9040 -0.4275 -0.0000
vn -0.9447 -0.3280 -0.0000
vn -0.9803 0.1975 -0.0000
vn 0.2030 0.9792 -0.0000
vn 0.1619 0.9868 -0.0000
vn 0.9517 -0.3070 -0.0000
vn 0.9196 -0.3929 -0.0000
vn 0.1665 -0.9860 -0.0000
vn 0.2193 -0.9757 -0.0000
vn 0.5178 -0.8555 -0.0000
vn 0.2344 0.9721 -0.0000
vn -1.0000 -0.0074 -0.0000
vn 0.0564 -0.9984 -0.0000
vn 0.1120 -0.9937 -0.0000
vn 0.5207 -0.8538 -0.0000
vn -0.9954 0.0961 -0.0000
vn -0.9967 0.0808 -0.0000
vn -0.3978 0.9175 -0.0000
vn -0.8943 0.4475 -0.0000
vn 0.0087 -1.0000 -0.0000
vn -0.1810 0.9835 -0.0000
vn 0.2406 0.9706 -0.0000
vn -0.1577 0.9875 -0.0000
vn -0.2762 0.9611 -0.0000
vn -0.7084 -0.7058 -0.0000
vn 0.7126 0.7016 -0.0000
vn -0.3282 0.9446 -0.0000
vn -0.2886 0.9574 -0.0000
vn -0.3361 0.9418 -0.0000
vn 0.1003 -0.9950 -0.0000
vn 0.5440 0.8391 -0.0000
vn 0.5845 0.8114 -0.0000
vn -0.3000 0.9539 -0.0000
vn -0.1765 0.9843 -0.0000
vn -0.9298 0.3680 -0.0000
vn -0.0219 -0.9998 -0.0000
vn 0.6716 0.7409 -0.0000
vn 0.8654 0.5011 -0.0000
vn 0.9249 0.3802 -0.0000
vn -0.9914 -0.1308 -0.0000
vn -0.2809 0.9597 -0.0000
vn 0.4045 0.9146 -0.0000
vn -0.4442 -0.8959 -0.0000
vn 0.9779 0.2090 -0.0000
vn -0.0670 0.9978 -0.0000
vn 0.9447 -0.3280 -0.0000
vn -0.0953 0.9954 -0.0000
vn -0.1976 0.9803 -0.0000
vn 0.3635 -0.9316 -0.0000
vn 0.8733 0.4872 -0.0000
vn -0.5169 0.8560 -0.0000
vn -0.5954 -0.8034 -0.0000
vn 0.9743 -0.2252 -0.0000
vn -0.9717 0.2361 -0.0000
vn -0.2633 0.9647 -0.0000
vn 0.4705 0.8824 -0.0000
vn 0.6012 -0.7991 -0.0000
vn -0.6267 -0.7793 -0.0000
vn 0.9981 0.0615 -0.0000
vn 0.0210 -0.9998 -0.0000
vn -0.5367 -0.8438 -0.0000
vn -0.7222 -0.6917 -0.0000
vn -0.6041 -0.7969 -0.0000
vn 0.5263 -0.8503 -0.0000
vn 0.5428 -0.8399 -0.0000
vn 0.9986 0.0520 -0.0000
vn 0.9967 0.0808 -0.0000
vn 0.3990 0.9169 -0.0000
vn -0.1818 0.9833 -0.0000
vn 0.6039 0.7971 -0.0000
vn -0.9215 -0.3883 -0.0000
vn -0.9609 -0.2769 -0.0000
vn 0.6993 -0.7148 -0.0000
vn 0.2577 0.9662 -0.0000
vn 0.7647 0.6444 -0.0000
vn 0.8456 0.5339 -0.0000
vn 0.8733 -0.4872 -0.0000
vn -0.3647 0.9311 -0.0000
vn 0.1130 -0.9936 -0.0000
vn 0.1683 -0.9857 -0.0000
vn -0.3788 -0.9255 -0.0000
vn 0.3547 0.9350 -0.0000
vn 0.3587 -0.9335 -0.0000
vn 0.9717 -0.2361 -0.0000
vn 0.1859 -0.9826 -0.0000
vn 0.1347 0.9909 -0.0000
vn 0.0256 0.9997 -0.0000
vn 0.8758 -0.4827 -0.0000
vn 0.7452 0.6669 -0.0000
vn -0.9009 -0.4340 -0.0000
vn -0.8853 -0.4650 -0.0000
vn -0.6581 -0.7529 -0.0000
vn 0.4888 -0.8724 -0.0000
vn 0.9885 -0.1513 -0.0000
vn 0.0168 -0.9999 -0.0000
vn 0.1210 0.9927 -0.0000
vn 0.9676 0.2524 -0.0000
vn 0.6029 0.7978 -0.0000
vn -0.8456 -0.5339 -0.0000
vn -0.4840 -0.8751 -0.0000
vn -0.0647 -0.9979 -0.0000
vn -0.8063 -0.5915 -0.0000
vn 0.2422 0.9702 -0.0000
vn -0.3587 0.9335 -0.0000
vn 0.6635 -0.7482 -0.0000
vn 0.5518 -0.8340 -0.0000
vn -0.3731 -0.9278 -0.0000
vn 0.0037 1.0000 -0.0000
vn -0.0484 0.9988 -0.0000
vn -0.9953 0.0965 -0.0000
vn 0.9953 -0.0965 -0.0000
vn -0.0312 -0.9995 -0.0000
vn -1.0000 -0.0068 -0.0000
vn -0.7997 -0.6004 -0.0000
vn -0.5903 -0.8072 -0.0000
vn 1.0000 0.0068 -0.0000
vn -0.7048 -0.7094 -0.0000
vn -0.0159 -0.9999 -0.0000
vn 0.9250 0.3799 -0.0000
vn -0.5119 -0.8591 -0.0000
vn 0.6058 0.7956 -0.0000
vn -0.0749 -0.9972 -0.0000
vn -0.0354 -0.9994 -0.0000
vn -0.7575 0.6528 -0.0000
vn 0.0167 -0.9999 -0.0000
vn -0.7354 -0.6777 -0.0000
vn -0.0138 0.9999 -0.0000
vn -0.8262 -0.5634 -0.0000
vn -0.3341 -0.9425 -0.0000
vn 0.7896 0.6137 -0.0000
vn -0.0215 -0.9998 -0.0000
vn -0.4410 0.8975 -0.0000
vn 0.5456 0.8381 -0.0000
vn -0.9583 0.2857 -0.0000
vn 0.9179 0.3968 -0.0000
vn 0.1862 0.9825 -0.0000
vn 0.3281 0.9446 -0.0000
vt 0.070707 0.000000
vt 0.069024 0.000000
vt 0.074074 0.000000
vt 0.067340 0.000000
vt 0.065657 0.000000
vt 0.063973 0.000000
vt 0.062290 0.000000
vt 0.060606 0.000000
vt 0.058923 0.000000
vt 0.057239 0.000000
vt 0.055556 0.000000
vt 0.075758 0.000000
vt 0.077441 0.000000
vt 0.053872 0.000000
vt 0.136364 0.000000
vt 0.079125 0.000000
vt 0.080808 0.000000
vt 0.082492 0.000000
vt 0.084175 0.000000
vt 0.052189 0.000000
vt 0.085859 0.000000
vt 0.087542 0.000000
vt 0.050505 0.000000
vt 0.089226 0.000000
vt 0.090909 0.000000
vt 0.048822 0.000000
vt 0.092593 0.000000
vt 0.094276 0.000000
vt 0.047138 0.000000
vt 0.095960 0.000000
vt 0.097643 0.000000
vt 0.045455 0.000000
vt 0.099327 0.000000
vt 0.043771 0.000000
vt 0.101010 0.000000
vt 0.102694 0.000000
vt 0.042088 0.000000
vt 0.104377 0.000000
vt 0.106061 0.000000
vt 0.040404 0.000000
vt 0.107744 0.000000
vt 0.038721 0.000000
vt 0.109428 0.000000
vt 0.134680 0.000000
vt 0.111111 0.000000
vt 0.132997 0.000000
vt 0.131313 0.000000
vt 0.006734 0.000000
vt 0.129630 0.000000
vt 0.112795 0.000000
vt 0.127946 0.000000
vt 0.126263 0.000000
vt 0.037037 0.000000
vt 0.114478 0.000000
vt 0.124579 0.000000
vt 0.122896 0.000000
vt 0.121212 0.000000
vt 0.116162 0.000000
vt 0.119529 0.000000
vt 0.117845 0.000000
vt 0.035354 0.000000
vt 0.033670 0.000000
vt 0.031987 0.000000
vt 0.072391 0.000000
vt 0.008418 0.000000
vt 0.030303 0.000000
vt 0.010101 0.000000
vt 0.011785 0.000000
vt 0.013468 0.000000
vt 0.015152 0.000000
vt 0.028620 0.000000
vt 0.016835 0.000000
vt 0.018519 0.000000
vt 0.020202 0.000000
vt 0.021886 0.000000
vt 0.026936 0.000000
vt 0.023569 0.000000
vt 0.025253 0.000000
vt 0.202020 0.000000
vt 0.200337 0.000000
vt 0.198653 0.000000
vt 0.203704 0.000000
vt 0.196970 0.000000
vt 0.205387 0.000000
vt 0.207071 0.000000
vt 0.195286 0.000000
vt 0.208754 0.000000
vt 0.193603 0.000000
vt 0.210438 0.000000
vt 0.212121 0.000000
vt 0.191919 0.000000
vt 0.213805 0.000000
vt 0.190236 0.000000
vt 0.215488 0.000000
vt 0.217172 0.000000
vt 0.188552 0.000000
vt 0.218855 0.000000
vt 0.186869 0.000000
vt 0.220539 0.000000
vt 0.222222 0.000000
vt 0.223906 0.000000
vt 0.225589 0.000000
vt 0.227273 0.000000
vt 0.228956 0.000000
vt 0.230640 0.000000
vt 0.232323 0.000000
vt 0.234007 0.000000
vt 0.235690 0.000000
vt 0.237374 0.000000
vt 0.239057 0.000000
vt 0.240741 0.000000
vt 0.242424 0.000000
vt 0.185185 0.000000
vt 0.244108 0.000000
vt 0.183502 0.000000
vt 0.245791 0.000000
vt 0.247475 0.000000
vt 0.249158 0.000000
vt 0.250842 0.000000
vt 0.252525 0.000000
vt 0.181818 0.000000
vt 0.254209 0.000000
vt 0.255892 0.000000
vt 0.257576 0.000000
vt 0.180135 0.000000
vt 0.259259 0.000000
vt 0.260943 0.000000
vt 0.178451 0.000000
vt 0.262626 0.000000
vt 0.264310 0.000000
vt 0.265993 0.000000
vt 0.429293 0.000000
vt 0.267677 0.000000
vt 0.269360 0.000000
vt 0.271044 0.000000
vt 0.272727 0.000000
vt 0.427609 0.000000
vt 0.368687 0.000000
vt 0.425926 0.000000
vt 0.274411 0.000000
vt 0.424242 0.000000
vt 0.276094 0.000000
vt 0.422559 0.000000
vt 0.277778 0.000000
vt 0.420875 0.000000
vt 0.419192 0.000000
vt 0.279461 0.000000
vt 0.417508 0.000000
vt 0.281145 0.000000
vt 0.415825 0.000000
vt 0.414141 0.000000
vt 0.282828 0.000000
vt 0.412458 0.000000
vt 0.410774 0.000000
vt 0.284512 0.000000
vt 0.409091 0.000000
vt 0.286195 0.000000
vt 0.407407 0.000000
vt 0.405724 0.000000
vt 0.287879 0.000000
vt 0.404040 0.000000
vt 0.402357 0.000000
vt 0.370370 0.000000
vt 0.289562 0.000000
vt 0.372054 0.000000
vt 0.400673 0.000000
vt 0.373737 0.000000
vt 0.139731 0.000000
vt 0.138047 0.000000
vt 0.367003 0.000000
vt 0.176768 0.000000
vt 0.398990 0.000000
vt 0.141414 0.000000
vt 0.375421 0.000000
vt 0.175084 0.000000
vt 0.143098 0.000000
vt 0.291246 0.000000
vt 0.397306 0.000000
vt 0.173401 0.000000
vt 0.377104 0.000000
vt 0.144781 0.000000
vt 0.171717 0.000000
vt 0.378788 0.000000
vt 0.146465 0.000000
vt 0.395623 0.000000
vt 0.170034 0.000000
vt 0.148148 0.000000
vt 0.380471 0.000000
vt 0.168350 0.000000
vt 0.149832 0.000000
vt 0.393939 0.000000
vt 0.166667 0.000000
vt 0.382155 0.000000
vt 0.151515 0.000000
vt 0.164983 0.000000
vt 0.292929 0.000000
vt 0.153199 0.000000
vt 0.392256 0.000000
vt 0.383838 0.000000
vt 0.163300 0.000000
vt 0.154882 0.000000
vt 0.161616 0.000000
vt 0.156566 0.000000
vt 0.385522 0.000000
vt 0.159933 0.000000
vt 0.158249 0.000000
vt 0.390572 0.000000
vt 0.387205 0.000000
vt 0.388889 0.000000
vt 0.326599 0.000000
vt 0.294613 0.000000
vt 0.324916 0.000000
vt 0.328283 0.000000
vt 0.296296 0.000000
vt 0.323232 0.000000
vt 0.329966 0.000000
vt 0.365320 0.000000
vt 0.297980 0.000000
vt 0.321549 0.000000
vt 0.331650 0.000000
vt 0.363636 0.000000
vt 0.319865 0.000000
vt 0.333333 0.000000
vt 0.299663 0.000000
vt 0.361953 0.000000
vt 0.318182 0.000000
vt 0.335017 0.000000
vt 0.360269 0.000000
vt 0.301347 0.000000
vt 0.316498 0.000000
vt 0.336700 0.000000
vt 0.358586 0.000000
vt 0.314815 0.000000
vt 0.338384 0.000000
vt 0.356902 0.000000
vt 0.303030 0.000000
vt 0.313131 0.000000
vt 0.340067 0.000000
vt 0.355219 0.000000
vt 0.311448 0.000000
vt 0.353535 0.000000
vt 0.341751 0.000000
vt 0.304714 0.000000
vt 0.351852 0.000000
vt 0.309764 0.000000
vt 0.343434 0.000000
vt 0.350168 0.000000
vt 0.308081 0.000000
vt 0.345118 0.000000
vt 0.306397 0.000000
vt 0.348485 0.000000
vt 0.346801 0.000000
vt 0.430976 0.000000
vt 0.459596 0.000000
vt 0.457912 0.000000
vt 0.456229 0.000000
vt 0.437710 0.000000
vt 0.436027 0.000000
vt 0.434343 0.000000
vt 0.432660 0.000000
vt 0.439394 0.000000
vt 0.441077 0.000000
vt 0.442761 0.000000
vt 0.444444 0.000000
vt 0.446128 0.000000
vt 0.447811 0.000000
vt 0.449495 0.000000
vt 0.451178 0.000000
vt 0.452862 0.000000
vt 0.454545 0.000000
vt 0.483165 0.000000
vt 0.481481 0.000000
vt 0.479798 0.000000
vt 0.478114 0.000000
vt 0.484848 0.000000
vt 0.476431 0.000000
vt 0.486532 0.000000
vt 0.474747 0.000000
vt 0.488215 0.000000
vt 0.473064 0.000000
vt 0.489899 0.000000
vt 0.471380 0.000000
vt 0.491582 0.000000
vt 0.602694 0.000000
vt 0.601010 0.000000
vt 0.604377 0.000000
vt 0.469697 0.000000
vt 0.493266 0.000000
vt 0.599327 0.000000
vt 0.606061 0.000000
vt 0.597643 0.000000
vt 0.607744 0.000000
vt 0.595960 0.000000
vt 0.609428 0.000000
vt 0.468013 0.000000
vt 0.494949 0.000000
vt 0.594276 0.000000
vt 0.611111 0.000000
vt 0.496633 0.000000
vt 0.466330 0.000000
vt 0.592593 0.000000
vt 0.612795 0.000000
vt 0.590909 0.000000
vt 0.614478 0.000000
vt 0.498316 0.000000
vt 0.464646 0.000000
vt 0.589226 0.000000
vt 0.616162 0.000000
vt 0.500000 0.000000
vt 0.462963 0.000000
vt 0.587542 0.000000
vt 0.617845 0.000000
vt 0.585859 0.000000
vt 0.619529 0.000000
vt 0.501683 0.000000
vt 0.461279 0.000000
vt 0.584175 0.000000
vt 0.621212 0.000000
vt 0.542088 0.000000
vt 0.582492 0.000000
vt 0.503367 0.000000
vt 0.580808 0.000000
vt 0.543771 0.000000
vt 0.540404 0.000000
vt 0.545455 0.000000
vt 0.579125 0.000000
vt 0.547138 0.000000
vt 0.577441 0.000000
vt 0.505050 0.000000
vt 0.538721 0.000000
vt 0.548822 0.000000
vt 0.575758 0.000000
vt 0.550505 0.000000
vt 0.574074 0.000000
vt 0.506734 0.000000
vt 0.537037 0.000000
vt 0.552189 0.000000
vt 0.572391 0.000000
vt 0.508417 0.000000
vt 0.535354 0.000000
vt 0.570707 0.000000
vt 0.553872 0.000000
vt 0.569024 0.000000
vt 0.555556 0.000000
vt 0.510101 0.000000
vt 0.533670 0.000000
vt 0.567340 0.000000
vt 0.557239 0.000000
vt 0.511784 0.000000
vt 0.531987 0.000000
vt 0.565657 0.000000
vt 0.558923 0.000000
vt 0.560606 0.000000
vt 0.563973 0.000000
vt 0.562290 0.000000
vt 0.513468 0.000000
vt 0.530303 0.000000
vt 0.515152 0.000000
vt 0.528620 0.000000
vt 0.516835 0.000000
vt 0.526936 0.000000
vt 0.518519 0.000000
vt 0.525253 0.000000
vt 0.520202 0.000000
vt 0.523569 0.000000
vt 0.521886 0.000000
vt 0.626263 0.000000
vt 0.624579 0.000000
vt 0.750842 0.000000
vt 0.622896 0.000000
vt 0.752525 0.000000
vt 0.749158 0.000000
vt 0.747475 0.000000
vt 0.745791 0.000000
vt 0.744108 0.000000
vt 0.742424 0.000000
vt 0.627946 0.000000
vt 0.740741 0.000000
vt 0.629630 0.000000
vt 0.739057 0.000000
vt 0.737374 0.000000
vt 0.631313 0.000000
vt 0.632997 0.000000
vt 0.735690 0.000000
vt 0.634680 0.000000
vt 0.636364 0.000000
vt 0.638047 0.000000
vt 0.734007 0.000000
vt 0.639731 0.000000
vt 0.732323 0.000000
vt 0.641414 0.000000
vt 0.643098 0.000000
vt 0.730640 0.000000
vt 0.644781 0.000000
vt 0.728956 0.000000
vt 0.646465 0.000000
vt 0.727273 0.000000
vt 0.648148 0.000000
vt 0.649832 0.000000
vt 0.725589 0.000000
vt 0.651515 0.000000
vt 0.653199 0.000000
vt 0.723906 0.000000
vt 0.654882 0.000000
vt 0.688552 0.000000
vt 0.686869 0.000000
vt 0.685185 0.000000
vt 0.656566 0.000000
vt 0.683502 0.000000
vt 0.722222 0.000000
vt 0.658249 0.000000
vt 0.681818 0.000000
vt 0.680135 0.000000
vt 0.659933 0.000000
vt 0.678451 0.000000
vt 0.676768 0.000000
vt 0.661616 0.000000
vt 0.675084 0.000000
vt 0.720539 0.000000
vt 0.663300 0.000000
vt 0.673401 0.000000
vt 0.671717 0.000000
vt 0.664983 0.000000
vt 0.670034 0.000000
vt 0.668350 0.000000
vt 0.666667 0.000000
vt 0.718855 0.000000
vt 0.717172 0.000000
vt 0.715488 0.000000
vt 0.690236 0.000000
vt 0.691919 0.000000
vt 0.713805 0.000000
vt 0.693603 0.000000
vt 0.695286 0.000000
vt 0.696970 0.000000
vt 0.712121 0.000000
vt 0.698653 0.000000
vt 0.700337 0.000000
vt 0.710438 0.000000
vt 0.702020 0.000000
vt 0.703704 0.000000
vt 0.705387 0.000000
vt 0.708754 0.000000
vt 0.707071 0.000000
vt 0.981481 0.000000
vt 0.979798 0.000000
vt 0.978114 0.000000
vt 0.983165 0.000000
vt 0.984848 0.000000
vt 0.976431 0.000000
vt 0.986532 0.000000
vt 0.988216 0.000000
vt 0.989899 0.000000
vt 0.974747 0.000000
vt 0.991583 0.000000
vt 0.993266 0.000000
vt 0.994950 0.000000
vt 0.973064 0.000000
vt 0.996633 0.000000
vt 0.998317 0.000000
vt 0.971380 0.000000
vt 1.000000 0.000000
vt 0.754209 0.000000
vt 0.755892 0.000000
vt 0.757576 0.000000
vt 0.759259 0.000000
vt 0.760943 0.000000
vt 0.762626 0.000000
vt 0.764310 0.000000
vt 0.969697 0.000000
vt 0.765993 0.000000
vt 0.767677 0.000000
vt 0.968013 0.000000
vt 0.769360 0.000000
vt 0.771044 0.000000
vt 0.772727 0.000000
vt 0.966330 0.000000
vt 0.774411 0.000000
vt 0.776094 0.000000
vt 0.964646 0.000000
vt 0.777778 0.000000
vt 0.779461 0.000000
vt 0.781145 0.000000
vt 0.962963 0.000000
vt 0.782828 0.000000
vt 0.784512 0.000000
vt 0.786195 0.000000
vt 0.961279 0.000000
vt 0.787879 0.000000
vt 0.789562 0.000000
vt 0.959596 0.000000
vt 0.791246 0.000000
vt 0.792929 0.000000
vt 0.957912 0.000000
vt 0.794613 0.000000
vt 0.796296 0.000000
vt 0.956229 0.000000
vt 0.797980 0.000000
vt 0.954545 0.000000
vt 0.799663 0.000000
vt 0.952862 0.000000
vt 0.801347 0.000000
vt 0.951178 0.000000
vt 0.803030 0.000000
vt 0.949495 0.000000
vt 0.804714 0.000000
vt 0.806397 0.000000
vt 0.947811 0.000000
vt 0.808081 0.000000
vt 0.946128 0.000000
vt 0.809764 0.000000
vt 0.811448 0.000000
vt 0.813131 0.000000
vt 0.944444 0.000000
vt 0.814815 0.000000
vt 0.816498 0.000000
vt 0.942761 0.000000
vt 0.941077 0.000000
vt 0.939394 0.000000
vt 0.937710 0.000000
vt 0.936027 0.000000
vt 0.934343 0.000000
vt 0.932660 0.000000
vt 0.930976 0.000000
vt 0.818182 0.000000
vt 0.929293 0.000000
vt 0.819865 0.000000
vt 0.821549 0.000000
vt 0.823232 0.000000
vt 0.927609 0.000000
vt 0.824916 0.000000
vt 0.826599 0.000000
vt 0.925926 0.000000
vt 0.828283 0.000000
vt 0.924242 0.000000
vt 0.829966 0.000000
vt 0.831650 0.000000
vt 0.922559 0.000000
vt 0.833333 0.000000
vt 0.920875 0.000000
vt 0.835017 0.000000
vt 0.919192 0.000000
vt 0.836700 0.000000
vt 0.917508 0.000000
vt 0.838384 0.000000
vt 0.840067 0.000000
vt 0.915825 0.000000
vt 0.841751 0.000000
vt 0.843434 0.000000
vt 0.914141 0.000000
vt 0.878788 0.000000
vt 0.877104 0.000000
vt 0.875421 0.000000
vt 0.845118 0.000000
vt 0.873737 0.000000
vt 0.846801 0.000000
vt 0.872054 0.000000
vt 0.912458 0.000000
vt 0.848485 0.000000
vt 0.870370 0.000000
vt 0.868687 0.000000
vt 0.850168 0.000000
vt 0.867003 0.000000
vt 0.851852 0.000000
vt 0.865320 0.000000
vt 0.863636 0.000000
vt 0.853535 0.000000
vt 0.910774 0.000000
vt 0.861953 0.000000
vt 0.855219 0.000000
vt 0.860269 0.000000
vt 0.858586 0.000000
vt 0.856902 0.000000
vt 0.909091 0.000000
vt 0.907407 0.000000
vt 0.905724 0.000000
vt 0.880471 0.000000
vt 0.882155 0.000000
vt 0.883838 0.000000
vt 0.904040 0.000000
vt 0.885522 0.000000
vt 0.887205 0.000000
vt 0.902357 0.000000
vt 0.888889 0.000000
vt 0.890572 0.000000
vt 0.892256 0.000000
vt 0.900673 0.000000
vt 0.893939 0.000000
vt 0.895623 0.000000
vt 0.898990 0.000000
vt 0.897306 0.000000
vt 0.003367 0.000000
vt 0.001684 0.000000
vt 0.000000 0.000000
vt 0.005051 0.000000
s 1
f 43/1/1 42/2/1 45/3/1
f 45/3/1 42/2/1 41/4/1
f 45/3/1 41/4/1 40/5/1
f 45/3/1 40/5/1 39/6/1
f 45/3/1 39/6/1 38/7/1
f 45/3/1 38/7/1 37/8/1
f 45/3/1 37/8/1 36/9/1
f 45/3/1 36/9/1 35/10/1
f 45/3/1 35/10/1 34/11/1
f 45/3/1 34/11/1 46/12/1
f 46/12/1 34/11/1 47/13/1
f 47/13/1 34/11/1 33/14/1
f 43/1/1 45/3/1 82/15/1
f 48/16/1 47/13/1 33/14/1
f 49/17/1 48/16/1 33/14/1
f 50/18/1 49/17/1 33/14/1
f 51/19/1 50/18/1 33/14/1
f 51/19/1 33/14/1 32/20/1
f 52/21/1 51/19/1 32/20/1
f 53/22/1 52/21/1 32/20/1
f 53/22/1 32/20/1 31/23/1
f 54/24/1 53/22/1 31/23/1
f 55/25/1 54/24/1 31/23/1
f 55/25/1 31/23/1 30/26/1
f 56/27/1 55/25/1 30/26/1
f 57/28/1 56/27/1 30/26/1
f 57/28/1 30/26/1 29/29/1
f 58/30/1 57/28/1 29/29/1
f 59/31/1 58/30/1 29/29/1
f 59/31/1 29/29/1 28/32/1
f 60/33/1 59/31/1 28/32/1
f 60/33/1 28/32/1 27/34/1
f 61/35/1 60/33/1 27/34/1
f 62/36/1 61/35/1 27/34/1
f 62/36/1 27/34/1 26/37/1
f 63/38/1 62/36/1 26/37/1
f 64/39/1 63/38/1 26/37/1
f 64/39/1 26/37/1 25/40/1
f 65/41/1 64/39/1 25/40/1
f 65/41/1 25/40/1 24/42/1
f 66/43/1 65/41/1 24/42/1
f 43/1/1 82/15/1 81/44/1
f 67/45/1 66/43/1 24/42/1
f 43/1/1 81/44/1 80/46/1
f 43/1/1 80/46/1 79/47/1
f 43/1/1 79/47/1 5/48/1
f 5/48/1 79/47/1 78/49/1
f 68/50/1 67/45/1 24/42/1
f 5/48/1 78/49/1 77/51/1
f 5/48/1 77/51/1 76/52/1
f 68/50/1 24/42/1 23/53/1
f 69/54/1 68/50/1 23/53/1
f 5/48/1 76/52/1 75/55/1
f 5/48/1 75/55/1 74/56/1
f 5/48/1 74/56/1 73/57/1
f 70/58/1 69/54/1 23/53/1
f 5/48/1 73/57/1 72/59/1
f 5/48/1 72/59/1 71/60/1
f 5/48/1 71/60/1 70/58/1
f 5/48/1 70/58/1 23/53/1
f 5/48/1 23/53/1 22/61/1
f 5/48/1 22/61/1 21/62/1
f 5/48/1 21/62/1 20/63/1
f 43/1/1 5/48/1 44/64/1
f 6/65/1 5/48/1 20/63/1
f 6/65/1 20/63/1 19/66/1
f 7/67/1 6/65/1 19/66/1
f 8/68/1 7/67/1 19/66/1
f 9/69/1 8/68/1 19/66/1
f 10/70/1 9/69/1 19/66/1
f 10/70/1 19/66/1 18/71/1
f 11/72/1 10/70/1 18/71/1
f 12/73/1 11/72/1 18/71/1
f 13/74/1 12/73/1 18/71/1
f 14/75/1 13/74/1 18/71/1
f 14/75/1 18/71/1 17/76/1
f 15/77/1 14/75/1 17/76/1
f 16/78/1 15/77/1 17/76/1
f 121/79/1 120/80/1 119/81/1
f 122/82/1 121/79/1 119/81/1
f 122/82/1 119/81/1 118/83/1
f 123/84/1 122/82/1 118/83/1
f 124/85/1 123/84/1 118/83/1
f 124/85/1 118/83/1 117/86/1
f 125/87/1 124/85/1 117/86/1
f 125/87/1 117/86/1 116/88/1
f 126/89/1 125/87/1 116/88/1
f 127/90/1 126/89/1 116/88/1
f 127/90/1 116/88/1 115/91/1
f 128/92/1 127/90/1 115/91/1
f 128/92/1 115/91/1 114/93/1
f 129/94/1 128/92/1 114/93/1
f 130/95/1 129/94/1 114/93/1
f 130/95/1 114/93/1 113/96/1
f 131/97/1 130/95/1 113/96/1
f 131/97/1 113/96/1 112/98/1
f 132/99/1 131/97/1 112/98/1
f 133/100/1 132/99/1 134/101/1
f 134/101/1 132/99/1 135/102/1
f 135/102/1 132/99/1 136/103/1
f 136/103/1 132/99/1 137/104/1
f 137/104/1 132/99/1 138/105/1
f 138/105/1 132/99/1 139/106/1
f 139/106/1 132/99/1 140/107/1
f 140/107/1 132/99/1 141/108/1
f 141/108/1 132/99/1 142/109/1
f 142/109/1 132/99/1 143/110/1
f 143/110/1 132/99/1 112/98/1
f 143/110/1 112/98/1 144/111/1
f 144/111/1 112/98/1 145/112/1
f 145/112/1 112/98/1 111/113/1
f 145/112/1 111/113/1 146/114/1
f 146/114/1 111/113/1 110/115/1
f 147/116/1 146/114/1 110/115/1
f 148/117/1 147/116/1 110/115/1
f 149/118/1 148/117/1 110/115/1
f 150/119/1 149/118/1 110/115/1
f 151/120/1 150/119/1 110/115/1
f 151/120/1 110/115/1 109/121/1
f 152/122/1 151/120/1 109/121/1
f 153/123/1 152/122/1 109/121/1
f 154/124/1 153/123/1 109/121/1
f 154/124/1 109/121/1 108/125/1
f 155/126/1 154/124/1 108/125/1
f 156/127/1 155/126/1 108/125/1
f 156/127/1 108/125/1 107/128/1
f 157/129/1 156/127/1 107/128/1
f 158/130/1 157/129/1 107/128/1
f 159/131/1 158/130/1 256/132/1
f 256/132/1 158/130/1 107/128/1
f 160/133/1 159/131/1 256/132/1
f 161/134/1 160/133/1 256/132/1
f 162/135/1 161/134/1 256/132/1
f 163/136/1 162/135/1 256/132/1
f 163/136/1 256/132/1 255/137/1
f 220/138/1 256/132/1 107/128/1
f 163/136/1 255/137/1 254/139/1
f 164/140/1 163/136/1 254/139/1
f 164/140/1 254/139/1 253/141/1
f 165/142/1 164/140/1 253/141/1
f 165/142/1 253/141/1 252/143/1
f 166/144/1 165/142/1 252/143/1
f 166/144/1 252/143/1 251/145/1
f 166/144/1 251/145/1 250/146/1
f 167/147/1 166/144/1 250/146/1
f 167/147/1 250/146/1 249/148/1
f 168/149/1 167/147/1 249/148/1
f 168/149/1 249/148/1 248/150/1
f 168/149/1 248/150/1 247/151/1
f 169/152/1 168/149/1 247/151/1
f 169/152/1 247/151/1 246/153/1
f 169/152/1 246/153/1 245/154/1
f 170/155/1 169/152/1 245/154/1
f 170/155/1 245/154/1 244/156/1
f 171/157/1 170/155/1 244/156/1
f 171/157/1 244/156/1 243/158/1
f 171/157/1 243/158/1 242/159/1
f 172/160/1 171/157/1 242/159/1
f 172/160/1 242/159/1 241/161/1
f 172/160/1 241/161/1 240/162/1
f 221/163/1 220/138/1 107/128/1
f 173/164/1 172/160/1 240/162/1
f 222/165/1 221/163/1 107/128/1
f 173/164/1 240/162/1 239/166/1
f 223/167/1 222/165/1 107/128/1
f 84/168/1 83/169/1 219/170/1
f 223/167/1 107/128/1 106/171/1
f 173/164/1 239/166/1 238/172/1
f 85/173/1 84/168/1 219/170/1
f 224/174/1 223/167/1 106/171/1
f 224/174/1 106/171/1 105/175/1
f 86/176/1 85/173/1 219/170/1
f 174/177/1 173/164/1 238/172/1
f 174/177/1 238/172/1 237/178/1
f 224/174/1 105/175/1 104/179/1
f 225/180/1 224/174/1 104/179/1
f 87/181/1 86/176/1 219/170/1
f 225/180/1 104/179/1 103/182/1
f 226/183/1 225/180/1 103/182/1
f 88/184/1 87/181/1 219/170/1
f 174/177/1 237/178/1 236/185/1
f 226/183/1 103/182/1 102/186/1
f 89/187/1 88/184/1 219/170/1
f 227/188/1 226/183/1 102/186/1
f 227/188/1 102/186/1 101/189/1
f 90/190/1 89/187/1 219/170/1
f 174/177/1 236/185/1 235/191/1
f 227/188/1 101/189/1 100/192/1
f 228/193/1 227/188/1 100/192/1
f 91/194/1 90/190/1 219/170/1
f 228/193/1 100/192/1 99/195/1
f 175/196/1 174/177/1 235/191/1
f 92/197/1 91/194/1 219/170/1
f 175/196/1 235/191/1 234/198/1
f 229/199/1 228/193/1 99/195/1
f 229/199/1 99/195/1 98/200/1
f 93/201/1 92/197/1 219/170/1
f 229/199/1 98/200/1 97/202/1
f 94/203/1 93/201/1 219/170/1
f 230/204/1 229/199/1 97/202/1
f 230/204/1 97/202/1 96/205/1
f 95/206/1 94/203/1 219/170/1
f 230/204/1 96/205/1 95/206/1
f 175/196/1 234/198/1 233/207/1
f 230/204/1 95/206/1 219/170/1
f 231/208/1 230/204/1 219/170/1
f 175/196/1 233/207/1 232/209/1
f 232/209/1 231/208/1 219/170/1
f 175/196/1 232/209/1 195/210/1
f 195/210/1 232/209/1 219/170/1
f 176/211/1 175/196/1 195/210/1
f 176/211/1 195/210/1 194/212/1
f 196/213/1 195/210/1 219/170/1
f 177/214/1 176/211/1 194/212/1
f 177/214/1 194/212/1 193/215/1
f 197/216/1 196/213/1 219/170/1
f 197/216/1 219/170/1 218/217/1
f 178/218/1 177/214/1 193/215/1
f 178/218/1 193/215/1 192/219/1
f 198/220/1 197/216/1 218/217/1
f 198/220/1 218/217/1 217/221/1
f 178/218/1 192/219/1 191/222/1
f 199/223/1 198/220/1 217/221/1
f 179/224/1 178/218/1 191/222/1
f 199/223/1 217/221/1 216/225/1
f 179/224/1 191/222/1 190/226/1
f 200/227/1 199/223/1 216/225/1
f 200/227/1 216/225/1 215/228/1
f 180/229/1 179/224/1 190/226/1
f 180/229/1 190/226/1 189/230/1
f 201/231/1 200/227/1 215/228/1
f 201/231/1 215/228/1 214/232/1
f 180/229/1 189/230/1 188/233/1
f 202/234/1 201/231/1 214/232/1
f 202/234/1 214/232/1 213/235/1
f 181/236/1 180/229/1 188/233/1
f 181/236/1 188/233/1 187/237/1
f 203/238/1 202/234/1 213/235/1
f 203/238/1 213/235/1 212/239/1
f 181/236/1 187/237/1 186/240/1
f 203/238/1 212/239/1 211/241/1
f 204/242/1 203/238/1 211/241/1
f 182/243/1 181/236/1 186/240/1
f 204/242/1 211/241/1 210/244/1
f 182/243/1 186/240/1 185/245/1
f 205/246/1 204/242/1 210/244/1
f 205/246/1 210/244/1 209/247/1
f 182/243/1 185/245/1 184/248/1
f 206/249/1 205/246/1 209/247/1
f 183/250/1 182/243/1 184/248/1
f 206/249/1 209/247/1 208/251/1
f 207/252/1 206/249/1 208/251/1
f 257/253/1 274/254/1 273/255/1
f 257/253/1 273/255/1 272/256/1
f 261/257/1 260/258/1 259/259/1
f 261/257/1 259/259/1 258/260/1
f 262/261/1 261/257/1 258/260/1
f 263/262/1 262/261/1 258/260/1
f 264/263/1 263/262/1 258/260/1
f 265/264/1 264/263/1 258/260/1
f 266/265/1 265/264/1 258/260/1
f 267/266/1 266/265/1 258/260/1
f 268/267/1 267/266/1 258/260/1
f 269/268/1 268/267/1 258/260/1
f 270/269/1 269/268/1 258/260/1
f 271/270/1 270/269/1 272/256/1
f 272/256/1 270/269/1 258/260/1
f 257/253/1 272/256/1 258/260/1
f 288/271/1 287/272/1 286/273/1
f 288/271/1 286/273/1 285/274/1
f 289/275/1 288/271/1 285/274/1
f 289/275/1 285/274/1 284/276/1
f 290/277/1 289/275/1 284/276/1
f 290/277/1 284/276/1 283/278/1
f 291/279/1 290/277/1 283/278/1
f 291/279/1 283/278/1 282/280/1
f 292/281/1 291/279/1 282/280/1
f 292/281/1 282/280/1 281/282/1
f 293/283/1 292/281/1 359/284/1
f 359/284/1 292/281/1 281/282/1
f 293/283/1 359/284/1 358/285/1
f 360/286/1 359/284/1 281/282/1
f 360/286/1 281/282/1 280/287/1
f 294/288/1 293/283/1 358/285/1
f 294/288/1 358/285/1 357/289/1
f 361/290/1 360/286/1 280/287/1
f 294/288/1 357/289/1 356/291/1
f 362/292/1 361/290/1 280/287/1
f 294/288/1 356/291/1 355/293/1
f 363/294/1 362/292/1 280/287/1
f 363/294/1 280/287/1 279/295/1
f 295/296/1 294/288/1 355/293/1
f 295/296/1 355/293/1 354/297/1
f 364/298/1 363/294/1 279/295/1
f 296/299/1 295/296/1 354/297/1
f 364/298/1 279/295/1 278/300/1
f 296/299/1 354/297/1 353/301/1
f 365/302/1 364/298/1 278/300/1
f 296/299/1 353/301/1 352/303/1
f 366/304/1 365/302/1 278/300/1
f 297/305/1 296/299/1 352/303/1
f 366/304/1 278/300/1 277/306/1
f 297/305/1 352/303/1 351/307/1
f 367/308/1 366/304/1 277/306/1
f 298/309/1 297/305/1 351/307/1
f 367/308/1 277/306/1 276/310/1
f 298/309/1 351/307/1 350/311/1
f 368/312/1 367/308/1 276/310/1
f 298/309/1 350/311/1 349/313/1
f 369/314/1 368/312/1 276/310/1
f 299/315/1 298/309/1 349/313/1
f 369/314/1 276/310/1 275/316/1
f 299/315/1 349/313/1 348/317/1
f 370/318/1 369/314/1 275/316/1
f 323/319/1 370/318/1 275/316/1
f 299/315/1 348/317/1 347/320/1
f 300/321/1 299/315/1 347/320/1
f 300/321/1 347/320/1 346/322/1
f 324/323/1 323/319/1 275/316/1
f 324/323/1 275/316/1 322/324/1
f 325/325/1 324/323/1 322/324/1
f 300/321/1 346/322/1 345/326/1
f 326/327/1 325/325/1 322/324/1
f 300/321/1 345/326/1 344/328/1
f 301/329/1 300/321/1 344/328/1
f 326/327/1 322/324/1 321/330/1
f 327/331/1 326/327/1 321/330/1
f 301/329/1 344/328/1 343/332/1
f 328/333/1 327/331/1 321/330/1
f 301/329/1 343/332/1 342/334/1
f 302/335/1 301/329/1 342/334/1
f 328/333/1 321/330/1 320/336/1
f 329/337/1 328/333/1 320/336/1
f 302/335/1 342/334/1 341/338/1
f 303/339/1 302/335/1 341/338/1
f 329/337/1 320/336/1 319/340/1
f 303/339/1 341/338/1 340/341/1
f 330/342/1 329/337/1 319/340/1
f 303/339/1 340/341/1 339/343/1
f 331/344/1 330/342/1 319/340/1
f 304/345/1 303/339/1 339/343/1
f 331/344/1 319/340/1 318/346/1
f 304/345/1 339/343/1 338/347/1
f 332/348/1 331/344/1 318/346/1
f 305/349/1 304/345/1 338/347/1
f 332/348/1 318/346/1 317/350/1
f 305/349/1 338/347/1 337/351/1
f 333/352/1 332/348/1 317/350/1
f 334/353/1 333/352/1 317/350/1
f 305/349/1 337/351/1 336/354/1
f 335/355/1 334/353/1 317/350/1
f 305/349/1 336/354/1 335/355/1
f 306/356/1 305/349/1 335/355/1
f 335/355/1 317/350/1 316/357/1
f 306/356/1 335/355/1 316/357/1
f 307/358/1 306/356/1 316/357/1
f 307/358/1 316/357/1 315/359/1
f 308/360/1 307/358/1 315/359/1
f 308/360/1 315/359/1 314/361/1
f 309/362/1 308/360/1 314/361/1
f 309/362/1 314/361/1 313/363/1
f 310/364/1 309/362/1 313/363/1
f 310/364/1 313/363/1 312/365/1
f 311/366/1 310/364/1 312/365/1
f 373/367/1 372/368/1 447/369/1
f 447/369/1 372/368/1 371/370/1
f 447/369/1 371/370/1 448/371/1
f 373/367/1 447/369/1 446/372/1
f 446/372/1 445/373/1 444/374/1
f 373/367/1 446/372/1 444/374/1
f 373/367/1 444/374/1 443/375/1
f 373/367/1 443/375/1 442/376/1
f 373/367/1 442/376/1 374/377/1
f 374/377/1 442/376/1 441/378/1
f 374/377/1 441/378/1 375/379/1
f 375/379/1 441/378/1 440/380/1
f 375/379/1 440/380/1 439/381/1
f 376/382/1 375/379/1 439/381/1
f 377/383/1 376/382/1 439/381/1
f 377/383/1 439/381/1 438/384/1
f 378/385/1 377/383/1 438/384/1
f 379/386/1 378/385/1 438/384/1
f 380/387/1 379/386/1 438/384/1
f 380/387/1 438/384/1 437/388/1
f 381/389/1 380/387/1 437/388/1
f 381/389/1 437/388/1 436/390/1
f 382/391/1 381/389/1 436/390/1
f 383/392/1 382/391/1 436/390/1
f 383/392/1 436/390/1 435/393/1
f 384/394/1 383/392/1 435/393/1
f 384/394/1 435/393/1 434/395/1
f 385/396/1 384/394/1 434/395/1
f 385/396/1 434/395/1 433/397/1
f 386/398/1 385/396/1 433/397/1
f 387/399/1 386/398/1 433/397/1
f 387/399/1 433/397/1 432/400/1
f 388/401/1 387/399/1 432/400/1
f 389/402/1 388/401/1 432/400/1
f 389/402/1 432/400/1 431/403/1
f 390/404/1 389/402/1 431/403/1
f 410/405/1 409/406/1 408/407/1
f 391/408/1 390/404/1 431/403/1
f 410/405/1 408/407/1 407/409/1
f 391/408/1 431/403/1 430/410/1
f 392/411/1 391/408/1 430/410/1
f 410/405/1 407/409/1 406/412/1
f 410/405/1 406/412/1 405/413/1
f 393/414/1 392/411/1 430/410/1
f 410/405/1 405/413/1 404/415/1
f 410/405/1 404/415/1 403/416/1
f 394/417/1 393/414/1 430/410/1
f 410/405/1 403/416/1 402/418/1
f 394/417/1 430/410/1 429/419/1
f 395/420/1 394/417/1 429/419/1
f 410/405/1 402/418/1 401/421/1
f 410/405/1 401/421/1 400/422/1
f 396/423/1 395/420/1 429/419/1
f 410/405/1 400/422/1 399/424/1
f 410/405/1 399/424/1 398/425/1
f 397/426/1 396/423/1 429/419/1
f 410/405/1 398/425/1 397/426/1
f 410/405/1 397/426/1 429/419/1
f 410/405/1 429/419/1 428/427/1
f 410/405/1 428/427/1 427/428/1
f 410/405/1 427/428/1 426/429/1
f 411/430/1 410/405/1 426/429/1
f 412/431/1 411/430/1 426/429/1
f 412/431/1 426/429/1 425/432/1
f 413/433/1 412/431/1 425/432/1
f 414/434/1 413/433/1 425/432/1
f 415/435/1 414/434/1 425/432/1
f 415/435/1 425/432/1 424/436/1
f 416/437/1 415/435/1 424/436/1
f 417/438/1 416/437/1 424/436/1
f 417/438/1 424/436/1 423/439/1
f 418/440/1 417/438/1 423/439/1
f 419/441/1 418/440/1 423/439/1
f 420/442/1 419/441/1 423/439/1
f 420/442/1 423/439/1 422/443/1
f 421/444/1 420/442/1 422/443/1
f 584/445/1 583/446/1 582/447/1
f 585/448/1 584/445/1 582/447/1
f 586/449/1 585/448/1 582/447/1
f 586/449/1 582/447/1 581/450/1
f 587/451/1 586/449/1 581/450/1
f 588/452/1 587/451/1 581/450/1
f 589/453/1 588/452/1 581/450/1
f 589/453/1 581/450/1 580/454/1
f 590/455/1 589/453/1 580/454/1
f 591/456/1 590/455/1 580/454/1
f 592/457/1 591/456/1 580/454/1
f 592/457/1 580/454/1 579/458/1
f 593/459/1 592/457/1 579/458/1
f 594/460/1 593/459/1 579/458/1
f 594/460/1 579/458/1 578/461/1
f 595/462/1 594/460/1 578/461/1
f 449/463/1 595/462/1 450/464/1
f 450/464/1 595/462/1 451/465/1
f 451/465/1 595/462/1 452/466/1
f 452/466/1 595/462/1 453/467/1
f 453/467/1 595/462/1 578/461/1
f 453/467/1 578/461/1 454/468/1
f 454/468/1 578/461/1 455/469/1
f 455/469/1 578/461/1 577/470/1
f 455/469/1 577/470/1 456/471/1
f 456/471/1 577/470/1 457/472/1
f 457/472/1 577/470/1 576/473/1
f 457/472/1 576/473/1 458/474/1
f 458/474/1 576/473/1 459/475/1
f 459/475/1 576/473/1 460/476/1
f 460/476/1 576/473/1 575/477/1
f 460/476/1 575/477/1 461/478/1
f 461/478/1 575/477/1 462/479/1
f 462/479/1 575/477/1 574/480/1
f 463/481/1 462/479/1 574/480/1
f 464/482/1 463/481/1 574/480/1
f 465/483/1 464/482/1 574/480/1
f 465/483/1 574/480/1 573/484/1
f 466/485/1 465/483/1 573/484/1
f 467/486/1 466/485/1 573/484/1
f 468/487/1 467/486/1 573/484/1
f 468/487/1 573/484/1 572/488/1
f 469/489/1 468/487/1 572/488/1
f 470/490/1 469/489/1 572/488/1
f 470/490/1 572/488/1 571/491/1
f 471/492/1 470/490/1 571/491/1
f 472/493/1 471/492/1 571/491/1
f 472/493/1 571/491/1 570/494/1
f 473/495/1 472/493/1 570/494/1
f 474/496/1 473/495/1 570/494/1
f 474/496/1 570/494/1 569/497/1
f 475/498/1 474/496/1 569/497/1
f 475/498/1 569/497/1 568/499/1
f 476/500/1 475/498/1 568/499/1
f 476/500/1 568/499/1 567/501/1
f 477/502/1 476/500/1 567/501/1
f 477/502/1 567/501/1 566/503/1
f 478/504/1 477/502/1 566/503/1
f 478/504/1 566/503/1 565/505/1
f 479/506/1 478/504/1 565/505/1
f 480/507/1 479/506/1 565/505/1
f 480/507/1 565/505/1 564/508/1
f 481/509/1 480/507/1 564/508/1
f 481/509/1 564/508/1 563/510/1
f 482/511/1 481/509/1 563/510/1
f 483/512/1 482/511/1 563/510/1
f 484/513/1 483/512/1 563/510/1
f 484/513/1 563/510/1 562/514/1
f 485/515/1 484/513/1 562/514/1
f 486/516/1 485/515/1 562/514/1
f 486/516/1 562/514/1 561/517/1
f 486/516/1 561/517/1 560/518/1
f 486/516/1 560/518/1 559/519/1
f 486/516/1 559/519/1 558/520/1
f 486/516/1 558/520/1 557/521/1
f 486/516/1 557/521/1 556/522/1
f 486/516/1 556/522/1 555/523/1
f 486/516/1 555/523/1 554/524/1
f 486/516/1 554/524/1 487/525/1
f 487/525/1 554/524/1 553/526/1
f 488/527/1 487/525/1 553/526/1
f 489/528/1 488/527/1 553/526/1
f 490/529/1 489/528/1 553/526/1
f 490/529/1 553/526/1 552/530/1
f 491/531/1 490/529/1 552/530/1
f 492/532/1 491/531/1 552/530/1
f 492/532/1 552/530/1 551/533/1
f 493/534/1 492/532/1 551/533/1
f 493/534/1 551/533/1 550/535/1
f 494/536/1 493/534/1 550/535/1
f 495/537/1 494/536/1 550/535/1
f 495/537/1 550/535/1 549/538/1
f 496/539/1 495/537/1 549/538/1
f 496/539/1 549/538/1 548/540/1
f 497/541/1 496/539/1 548/540/1
f 497/541/1 548/540/1 547/542/1
f 498/543/1 497/541/1 547/542/1
f 498/543/1 547/542/1 546/544/1
f 499/545/1 498/543/1 546/544/1
f 500/546/1 499/545/1 546/544/1
f 500/546/1 546/544/1 545/547/1
f 501/548/1 500/546/1 545/547/1
f 502/549/1 501/548/1 545/547/1
f 502/549/1 545/547/1 544/550/1
f 523/551/1 522/552/1 521/553/1
f 503/554/1 502/549/1 544/550/1
f 523/551/1 521/553/1 520/555/1
f 504/556/1 503/554/1 544/550/1
f 523/551/1 520/555/1 519/557/1
f 504/556/1 544/550/1 543/558/1
f 505/559/1 504/556/1 543/558/1
f 523/551/1 519/557/1 518/560/1
f 523/551/1 518/560/1 517/561/1
f 506/562/1 505/559/1 543/558/1
f 523/551/1 517/561/1 516/563/1
f 507/564/1 506/562/1 543/558/1
f 523/551/1 516/563/1 515/565/1
f 523/551/1 515/565/1 514/566/1
f 508/567/1 507/564/1 543/558/1
f 508/567/1 543/558/1 542/568/1
f 523/551/1 514/566/1 513/569/1
f 509/570/1 508/567/1 542/568/1
f 523/551/1 513/569/1 512/571/1
f 523/551/1 512/571/1 511/572/1
f 510/573/1 509/570/1 542/568/1
f 523/551/1 511/572/1 510/573/1
f 523/551/1 510/573/1 542/568/1
f 523/551/1 542/568/1 541/574/1
f 523/551/1 541/574/1 540/575/1
f 523/551/1 540/575/1 539/576/1
f 524/577/1 523/551/1 539/576/1
f 525/578/1 524/577/1 539/576/1
f 526/579/1 525/578/1 539/576/1
f 526/579/1 539/576/1 538/580/1
f 527/581/1 526/579/1 538/580/1
f 528/582/1 527/581/1 538/580/1
f 528/582/1 538/580/1 537/583/1
f 529/584/1 528/582/1 537/583/1
f 530/585/1 529/584/1 537/583/1
f 531/586/1 530/585/1 537/583/1
f 531/586/1 537/583/1 536/587/1
f 532/588/1 531/586/1 536/587/1
f 533/589/1 532/588/1 536/587/1
f 533/589/1 536/587/1 535/590/1
f 534/591/1 533/589/1 535/590/1
f 3/592/1 2/593/1 1/594/1
f 3/592/1 1/594/1 4/595/1
f 638/1/2 640/3/2 637/2/2
f 640/3/2 636/4/2 637/2/2
f 640/3/2 635/5/2 636/4/2
f 640/3/2 634/6/2 635/5/2
f 640/3/2 633/7/2 634/6/2
f 640/3/2 632/8/2 633/7/2
f 640/3/2 631/9/2 632/8/2
f 640/3/2 630/10/2 631/9/2
f 640/3/2 629/11/2 630/10/2
f 640/3/2 641/12/2 629/11/2
f 641/12/2 642/13/2 629/11/2
f 642/13/2 628/14/2 629/11/2
f 638/1/2 677/15/2 640/3/2
f 643/16/2 628/14/2 642/13/2
f 644/17/2 628/14/2 643/16/2
f 645/18/2 628/14/2 644/17/2
f 646/19/2 628/14/2 645/18/2
f 646/19/2 627/20/2 628/14/2
f 647/21/2 627/20/2 646/19/2
f 648/22/2 627/20/2 647/21/2
f 648/22/2 626/23/2 627/20/2
f 649/24/2 626/23/2 648/22/2
f 650/25/2 626/23/2 649/24/2
f 650/25/2 625/26/2 626/23/2
f 651/27/2 625/26/2 650/25/2
f 652/28/2 625/26/2 651/27/2
f 652/28/2 624/29/2 625/26/2
f 653/30/2 624/29/2 652/28/2
f 654/31/2 624/29/2 653/30/2
f 654/31/2 623/32/2 624/29/2
f 655/33/2 623/32/2 654/31/2
f 655/33/2 622/34/2 623/32/2
f 656/35/2 622/34/2 655/33/2
f 657/36/2 622/34/2 656/35/2
f 657/36/2 621/37/2 622/34/2
f 658/38/2 621/37/2 657/36/2
f 659/39/2 621/37/2 658/38/2
f 659/39/2 620/40/2 621/37/2
f 660/41/2 620/40/2 659/39/2
f 660/41/2 619/42/2 620/40/2
f 661/43/2 619/42/2 660/41/2
f 638/1/2 676/44/2 677/15/2
f 662/45/2 619/42/2 661/43/2
f 638/1/2 675/46/2 676/44/2
f 638/1/2 674/47/2 675/46/2
f 638/1/2 600/48/2 674/47/2
f 600/48/2 673/49/2 674/47/2
f 663/50/2 619/42/2 662/45/2
f 600/48/2 672/51/2 673/49/2
f 600/48/2 671/52/2 672/51/2
f 663/50/2 618/53/2 619/42/2
f 664/54/2 618/53/2 663/50/2
f 600/48/2 670/55/2 671/52/2
f 600/48/2 669/56/2 670/55/2
f 600/48/2 668/57/2 669/56/2
f 665/58/2 618/53/2 664/54/2
f 600/48/2 667/59/2 668/57/2
f 600/48/2 666/60/2 667/59/2
f 600/48/2 665/58/2 666/60/2
f 600/48/2 618/53/2 665/58/2
f 600/48/2 617/61/2 618/53/2
f 600/48/2 616/62/2 617/61/2
f 600/48/2 615/63/2 616/62/2
f 638/1/2 639/64/2 600/48/2
f 601/65/2 615/63/2 600/48/2
f 601/65/2 614/66/2 615/63/2
f 602/67/2 614/66/2 601/65/2
f 603/68/2 614/66/2 602/67/2
f 604/69/2 614/66/2 603/68/2
f 605/70/2 614/66/2 604/69/2
f 605/70/2 613/71/2 614/66/2
f 606/72/2 613/71/2 605/70/2
f 607/73/2 613/71/2 606/72/2
f 608/74/2 613/71/2 607/73/2
f 609/75/2 613/71/2 608/74/2
f 609/75/2 612/76/2 613/71/2
f 610/77/2 612/76/2 609/75/2
f 611/78/2 612/76/2 610/77/2
f 716/79/2 714/81/2 715/80/2
f 717/82/2 714/81/2 716/79/2
f 717/82/2 713/83/2 714/81/2
f 718/84/2 713/83/2 717/82/2
f 719/85/2 713/83/2 718/84/2
f 719/85/2 712/86/2 713/83/2
f 720/87/2 712/86/2 719/85/2
f 720/87/2 711/88/2 712/86/2
f 721/89/2 711/88/2 720/87/2
f 722/90/2 711/88/2 721/89/2
f 722/90/2 710/91/2 711/88/2
f 723/92/2 710/91/2 722/90/2
f 723/92/2 709/93/2 710/91/2
f 724/94/2 709/93/2 723/92/2
f 725/95/2 709/93/2 724/94/2
f 725/95/2 708/96/2 709/93/2
f 726/97/2 708/96/2 725/95/2
f 726/97/2 707/98/2 708/96/2
f 727/99/2 707/98/2 726/97/2
f 728/100/2 729/101/2 727/99/2
f 729/101/2 730/102/2 727/99/2
f 730/102/2 731/103/2 727/99/2
f 731/103/2 732/104/2 727/99/2
f 732/104/2 733/105/2 727/99/2
f 733/105/2 734/106/2 727/99/2
f 734/106/2 735/107/2 727/99/2
f 735/107/2 736/108/2 727/99/2
f 736/108/2 737/109/2 727/99/2
f 737/109/2 738/110/2 727/99/2
f 738/110/2 707/98/2 727/99/2
f 738/110/2 739/111/2 707/98/2
f 739/111/2 740/112/2 707/98/2
f 740/112/2 706/113/2 707/98/2
f 740/112/2 741/114/2 706/113/2
f 741/114/2 705/115/2 706/113/2
f 742/116/2 705/115/2 741/114/2
f 743/117/2 705/115/2 742/116/2
f 744/118/2 705/115/2 743/117/2
f 745/119/2 705/115/2 744/118/2
f 746/120/2 705/115/2 745/119/2
f 746/120/2 704/121/2 705/115/2
f 747/122/2 704/121/2 746/120/2
f 748/123/2 704/121/2 747/122/2
f 749/124/2 704/121/2 748/123/2
f 749/124/2 703/125/2 704/121/2
f 750/126/2 703/125/2 749/124/2
f 751/127/2 703/125/2 750/126/2
f 751/127/2 702/128/2 703/125/2
f 752/129/2 702/128/2 751/127/2
f 753/130/2 702/128/2 752/129/2
f 754/131/2 851/132/2 753/130/2
f 851/132/2 702/128/2 753/130/2
f 755/133/2 851/132/2 754/131/2
f 756/134/2 851/132/2 755/133/2
f 757/135/2 851/132/2 756/134/2
f 758/136/2 851/132/2 757/135/2
f 758/136/2 850/137/2 851/132/2
f 815/138/2 702/128/2 851/132/2
f 758/136/2 849/139/2 850/137/2
f 759/140/2 849/139/2 758/136/2
f 759/140/2 848/141/2 849/139/2
f 760/142/2 848/141/2 759/140/2
f 760/142/2 847/143/2 848/141/2
f 761/144/2 847/143/2 760/142/2
f 761/144/2 846/145/2 847/143/2
f 761/144/2 845/146/2 846/145/2
f 762/147/2 845/146/2 761/144/2
f 762/147/2 844/148/2 845/146/2
f 763/149/2 844/148/2 762/147/2
f 763/149/2 843/150/2 844/148/2
f 763/149/2 842/151/2 843/150/2
f 764/152/2 842/151/2 763/149/2
f 764/152/2 841/153/2 842/151/2
f 764/152/2 840/154/2 841/153/2
f 765/155/2 840/154/2 764/152/2
f 765/155/2 839/156/2 840/154/2
f 766/157/2 839/156/2 765/155/2
f 766/157/2 838/158/2 839/156/2
f 766/157/2 837/159/2 838/158/2
f 767/160/2 837/159/2 766/157/2
f 767/160/2 836/161/2 837/159/2
f 767/160/2 835/162/2 836/161/2
f 816/163/2 702/128/2 815/138/2
f 768/164/2 835/162/2 767/160/2
f 817/165/2 702/128/2 816/163/2
f 768/164/2 834/166/2 835/162/2
f 818/167/2 702/128/2 817/165/2
f 679/168/2 814/170/2 678/169/2
f 818/167/2 701/171/2 702/128/2
f 768/164/2 833/172/2 834/166/2
f 680/173/2 814/170/2 679/168/2
f 819/174/2 701/171/2 818/167/2
f 819/174/2 700/175/2 701/171/2
f 681/176/2 814/170/2 680/173/2
f 769/177/2 833/172/2 768/164/2
f 769/177/2 832/178/2 833/172/2
f 819/174/2 699/179/2 700/175/2
f 820/180/2 699/179/2 819/174/2
f 682/181/2 814/170/2 681/176/2
f 820/180/2 698/182/2 699/179/2
f 821/183/2 698/182/2 820/180/2
f 683/184/2 814/170/2 682/181/2
f 769/177/2 831/185/2 832/178/2
f 821/183/2 697/186/2 698/182/2
f 684/187/2 814/170/2 683/184/2
f 822/188/2 697/186/2 821/183/2
f 822/188/2 696/189/2 697/186/2
f 685/190/2 814/170/2 684/187/2
f 769/177/2 830/191/2 831/185/2
f 822/188/2 695/192/2 696/189/2
f 823/193/2 695/192/2 822/188/2
f 686/194/2 814/170/2 685/190/2
f 823/193/2 694/195/2 695/192/2
f 770/196/2 830/191/2 769/177/2
f 687/197/2 814/170/2 686/194/2
f 770/196/2 829/198/2 830/191/2
f 824/199/2 694/195/2 823/193/2
f 824/199/2 693/200/2 694/195/2
f 688/201/2 814/170/2 687/197/2
f 824/199/2 692/202/2 693/200/2
f 689/203/2 814/170/2 688/201/2
f 825/204/2 692/202/2 824/199/2
f 825/204/2 691/205/2 692/202/2
f 690/206/2 814/170/2 689/203/2
f 825/204/2 690/206/2 691/205/2
f 770/196/2 828/207/2 829/198/2
f 825/204/2 814/170/2 690/206/2
f 826/208/2 814/170/2 825/204/2
f 770/196/2 827/209/2 828/207/2
f 827/209/2 814/170/2 826/208/2
f 770/196/2 790/210/2 827/209/2
f 790/210/2 814/170/2 827/209/2
f 771/211/2 790/210/2 770/196/2
f 771/211/2 789/212/2 790/210/2
f 791/213/2 814/170/2 790/210/2
f 772/214/2 789/212/2 771/211/2
f 772/214/2 788/215/2 789/212/2
f 792/216/2 814/170/2 791/213/2
f 792/216/2 813/217/2 814/170/2
f 773/218/2 788/215/2 772/214/2
f 773/218/2 787/219/2 788/215/2
f 793/220/2 813/217/2 792/216/2
f 793/220/2 812/221/2 813/217/2
f 773/218/2 786/222/2 787/219/2
f 794/223/2 812/221/2 793/220/2
f 774/224/2 786/222/2 773/218/2
f 794/223/2 811/225/2 812/221/2
f 774/224/2 785/226/2 786/222/2
f 795/227/2 811/225/2 794/223/2
f 795/227/2 810/228/2 811/225/2
f 775/229/2 785/226/2 774/224/2
f 775/229/2 784/230/2 785/226/2
f 796/231/2 810/228/2 795/227/2
f 796/231/2 809/232/2 810/228/2
f 775/229/2 783/233/2 784/230/2
f 797/234/2 809/232/2 796/231/2
f 797/234/2 808/235/2 809/232/2
f 776/236/2 783/233/2 775/229/2
f 776/236/2 782/237/2 783/233/2
f 798/238/2 808/235/2 797/234/2
f 798/238/2 807/239/2 808/235/2
f 776/236/2 781/240/2 782/237/2
f 798/238/2 806/241/2 807/239/2
f 799/242/2 806/241/2 798/238/2
f 777/243/2 781/240/2 776/236/2
f 799/242/2 805/244/2 806/241/2
f 777/243/2 780/245/2 781/240/2
f 800/246/2 805/244/2 799/242/2
f 800/246/2 804/247/2 805/244/2
f 777/243/2 779/248/2 780/245/2
f 801/249/2 804/247/2 800/246/2
f 778/250/2 779/248/2 777/243/2
f 801/249/2 803/251/2 804/247/2
f 802/252/2 803/251/2 801/249/2
f 852/253/2 868/255/2 869/254/2
f 852/253/2 867/256/2 868/255/2
f 856/257/2 854/259/2 855/258/2
f 856/257/2 853/260/2 854/259/2
f 857/261/2 853/260/2 856/257/2
f 858/262/2 853/260/2 857/261/2
f 859/263/2 853/260/2 858/262/2
f 860/264/2 853/260/2 859/263/2
f 861/265/2 853/260/2 860/264/2
f 862/266/2 853/260/2 861/265/2
f 863/267/2 853/260/2 862/266/2
f 864/268/2 853/260/2 863/267/2
f 865/269/2 853/260/2 864/268/2
f 866/270/2 867/256/2 865/269/2
f 867/256/2 853/260/2 865/269/2
f 852/253/2 853/260/2 867/256/2
f 883/271/2 881/273/2 882/272/2
f 883/271/2 880/274/2 881/273/2
f 884/275/2 880/274/2 883/271/2
f 884/275/2 879/276/2 880/274/2
f 885/277/2 879/276/2 884/275/2
f 885/277/2 878/278/2 879/276/2
f 886/279/2 878/278/2 885/277/2
f 886/279/2 877/280/2 878/278/2
f 887/281/2 877/280/2 886/279/2
f 887/281/2 876/282/2 877/280/2
f 888/283/2 954/284/2 887/281/2
f 954/284/2 876/282/2 887/281/2
f 888/283/2 953/285/2 954/284/2
f 955/286/2 876/282/2 954/284/2
f 955/286/2 875/287/2 876/282/2
f 889/288/2 953/285/2 888/283/2
f 889/288/2 952/289/2 953/285/2
f 956/290/2 875/287/2 955/286/2
f 889/288/2 951/291/2 952/289/2
f 957/292/2 875/287/2 956/290/2
f 889/288/2 950/293/2 951/291/2
f 958/294/2 875/287/2 957/292/2
f 958/294/2 874/295/2 875/287/2
f 890/296/2 950/293/2 889/288/2
f 890/296/2 949/297/2 950/293/2
f 959/298/2 874/295/2 958/294/2
f 891/299/2 949/297/2 890/296/2
f 959/298/2 873/300/2 874/295/2
f 891/299/2 948/301/2 949/297/2
f 960/302/2 873/300/2 959/298/2
f 891/299/2 947/303/2 948/301/2
f 961/304/2 873/300/2 960/302/2
f 892/305/2 947/303/2 891/299/2
f 961/304/2 872/306/2 873/300/2
f 892/305/2 946/307/2 947/303/2
f 962/308/2 872/306/2 961/304/2
f 893/309/2 946/307/2 892/305/2
f 962/308/2 871/310/2 872/306/2
f 893/309/2 945/311/2 946/307/2
f 963/312/2 871/310/2 962/308/2
f 893/309/2 944/313/2 945/311/2
f 964/314/2 871/310/2 963/312/2
f 894/315/2 944/313/2 893/309/2
f 964/314/2 870/316/2 871/310/2
f 894/315/2 943/317/2 944/313/2
f 965/318/2 870/316/2 964/314/2
f 918/319/2 870/316/2 965/318/2
f 894/315/2 942/320/2 943/317/2
f 895/321/2 942/320/2 894/315/2
f 895/321/2 941/322/2 942/320/2
f 919/323/2 870/316/2 918/319/2
f 919/323/2 917/324/2 870/316/2
f 920/325/2 917/324/2 919/323/2
f 895/321/2 940/326/2 941/322/2
f 921/327/2 917/324/2 920/325/2
f 895/321/2 939/328/2 940/326/2
f 896/329/2 939/328/2 895/321/2
f 921/327/2 916/330/2 917/324/2
f 922/331/2 916/330/2 921/327/2
f 896/329/2 938/332/2 939/328/2
f 923/333/2 916/330/2 922/331/2
f 896/329/2 937/334/2 938/332/2
f 897/335/2 937/334/2 896/329/2
f 923/333/2 915/336/2 916/330/2
f 924/337/2 915/336/2 923/333/2
f 897/335/2 936/338/2 937/334/2
f 898/339/2 936/338/2 897/335/2
f 924/337/2 914/340/2 915/336/2
f 898/339/2 935/341/2 936/338/2
f 925/342/2 914/340/2 924/337/2
f 898/339/2 934/343/2 935/341/2
f 926/344/2 914/340/2 925/342/2
f 899/345/2 934/343/2 898/339/2
f 926/344/2 913/346/2 914/340/2
f 899/345/2 933/347/2 934/343/2
f 927/348/2 913/346/2 926/344/2
f 900/349/2 933/347/2 899/345/2
f 927/348/2 912/350/2 913/346/2
f 900/349/2 932/351/2 933/347/2
f 928/352/2 912/350/2 927/348/2
f 929/353/2 912/350/2 928/352/2
f 900/349/2 931/354/2 932/351/2
f 930/355/2 912/350/2 929/353/2
f 900/349/2 930/355/2 931/354/2
f 901/356/2 930/355/2 900/349/2
f 930/355/2 911/357/2 912/350/2
f 901/356/2 911/357/2 930/355/2
f 902/358/2 911/357/2 901/356/2
f 902/358/2 910/359/2 911/357/2
f 903/360/2 910/359/2 902/358/2
f 903/360/2 909/361/2 910/359/2
f 904/362/2 909/361/2 903/360/2
f 904/362/2 908/363/2 909/361/2
f 905/364/2 908/363/2 904/362/2
f 905/364/2 907/365/2 908/363/2
f 906/366/2 907/365/2 905/364/2
f 968/367/2 1042/369/2 967/368/2
f 1042/369/2 966/370/2 967/368/2
f 1042/369/2 1043/371/2 966/370/2
f 968/367/2 1041/372/2 1042/369/2
f 1041/372/2 1039/374/2 1040/373/2
f 968/367/2 1039/374/2 1041/372/2
f 968/367/2 1038/375/2 1039/374/2
f 968/367/2 1037/376/2 1038/375/2
f 968/367/2 969/377/2 1037/376/2
f 969/377/2 1036/378/2 1037/376/2
f 969/377/2 970/379/2 1036/378/2
f 970/379/2 1035/380/2 1036/378/2
f 970/379/2 1034/381/2 1035/380/2
f 971/382/2 1034/381/2 970/379/2
f 972/383/2 1034/381/2 971/382/2
f 972/383/2 1033/384/2 1034/381/2
f 973/385/2 1033/384/2 972/383/2
f 974/386/2 1033/384/2 973/385/2
f 975/387/2 1033/384/2 974/386/2
f 975/387/2 1032/388/2 1033/384/2
f 976/389/2 1032/388/2 975/387/2
f 976/389/2 1031/390/2 1032/388/2
f 977/391/2 1031/390/2 976/389/2
f 978/392/2 1031/390/2 977/391/2
f 978/392/2 1030/393/2 1031/390/2
f 979/394/2 1030/393/2 978/392/2
f 979/394/2 1029/395/2 1030/393/2
f 980/396/2 1029/395/2 979/394/2
f 980/396/2 1028/397/2 1029/395/2
f 981/398/2 1028/397/2 980/396/2
f 982/399/2 1028/397/2 981/398/2
f 982/399/2 1027/400/2 1028/397/2
f 983/401/2 1027/400/2 982/399/2
f 984/402/2 1027/400/2 983/401/2
f 984/402/2 1026/403/2 1027/400/2
f 985/404/2 1026/403/2 984/402/2
f 1005/405/2 1003/407/2 1004/406/2
f 986/408/2 1026/403/2 985/404/2
f 1005/405/2 1002/409/2 1003/407/2
f 986/408/2 1025/410/2 1026/403/2
f 987/411/2 1025/410/2 986/408/2
f 1005/405/2 1001/412/2 1002/409/2
f 1005/405/2 1000/413/2 1001/412/2
f 988/414/2 1025/410/2 987/411/2
f 1005/405/2 999/415/2 1000/413/2
f 1005/405/2 998/416/2 999/415/2
f 989/417/2 1025/410/2 988/414/2
f 1005/405/2 997/418/2 998/416/2
f 989/417/2 1024/419/2 1025/410/2
f 990/420/2 1024/419/2 989/417/2
f 1005/405/2 996/421/2 997/418/2
f 1005/405/2 995/422/2 996/421/2
f 991/423/2 1024/419/2 990/420/2
f 1005/405/2 994/424/2 995/422/2
f 1005/405/2 993/425/2 994/424/2
f 992/426/2 1024/419/2 991/423/2
f 1005/405/2 992/426/2 993/425/2
f 1005/405/2 1024/419/2 992/426/2
f 1005/405/2 1023/427/2 1024/419/2
f 1005/405/2 1022/428/2 1023/427/2
f 1005/405/2 1021/429/2 1022/428/2
f 1006/430/2 1021/429/2 1005/405/2
f 1007/431/2 1021/429/2 1006/430/2
f 1007/431/2 1020/432/2 1021/429/2
f 1008/433/2 1020/432/2 1007/431/2
f 1009/434/2 1020/432/2 1008/433/2
f 1010/435/2 1020/432/2 1009/434/2
f 1010/435/2 1019/436/2 1020/432/2
f 1011/437/2 1019/436/2 1010/435/2
f 1012/438/2 1019/436/2 1011/437/2
f 1012/438/2 1018/439/2 1019/436/2
f 1013/440/2 1018/439/2 1012/438/2
f 1014/441/2 1018/439/2 1013/440/2
f 1015/442/2 1018/439/2 1014/441/2
f 1015/442/2 1017/443/2 1018/439/2
f 1016/444/2 1017/443/2 1015/442/2
f 1179/445/2 1177/447/2 1178/446/2
f 1180/448/2 1177/447/2 1179/445/2
f 1181/449/2 1177/447/2 1180/448/2
f 1181/449/2 1176/450/2 1177/447/2
f 1182/451/2 1176/450/2 1181/449/2
f 1183/452/2 1176/450/2 1182/451/2
f 1184/453/2 1176/450/2 1183/452/2
f 1184/453/2 1175/454/2 1176/450/2
f 1185/455/2 1175/454/2 1184/453/2
f 1186/456/2 1175/454/2 1185/455/2
f 1187/457/2 1175/454/2 1186/456/2
f 1187/457/2 1174/458/2 1175/454/2
f 1188/459/2 1174/458/2 1187/457/2
f 1189/460/2 1174/458/2 1188/459/2
f 1189/460/2 1173/461/2 1174/458/2
f 1190/462/2 1173/461/2 1189/460/2
f 1044/463/2 1045/464/2 1190/462/2
f 1045/464/2 1046/465/2 1190/462/2
f 1046/465/2 1047/466/2 1190/462/2
f 1047/466/2 1048/467/2 1190/462/2
f 1048/467/2 1173/461/2 1190/462/2
f 1048/467/2 1049/468/2 1173/461/2
f 1049/468/2 1050/469/2 1173/461/2
f 1050/469/2 1172/470/2 1173/461/2
f 1050/469/2 1051/471/2 1172/470/2
f 1051/471/2 1052/472/2 1172/470/2
f 1052/472/2 1171/473/2 1172/470/2
f 1052/472/2 1053/474/2 1171/473/2
f 1053/474/2 1054/475/2 1171/473/2
f 1054/475/2 1055/476/2 1171/473/2
f 1055/476/2 1170/477/2 1171/473/2
f 1055/476/2 1056/478/2 1170/477/2
f 1056/478/2 1057/479/2 1170/477/2
f 1057/479/2 1169/480/2 1170/477/2
f 1058/481/2 1169/480/2 1057/479/2
f 1059/482/2 1169/480/2 1058/481/2
f 1060/483/2 1169/480/2 1059/482/2
f 1060/483/2 1168/484/2 1169/480/2
f 1061/485/2 1168/484/2 1060/483/2
f 1062/486/2 1168/484/2 1061/485/2
f 1063/487/2 1168/484/2 1062/486/2
f 1063/487/2 1167/488/2 1168/484/2
f 1064/489/2 1167/488/2 1063/487/2
f 1065/490/2 1167/488/2 1064/489/2
f 1065/490/2 1166/491/2 1167/488/2
f 1066/492/2 1166/491/2 1065/490/2
f 1067/493/2 1166/491/2 1066/492/2
f 1067/493/2 1165/494/2 1166/491/2
f 1068/495/2 1165/494/2 1067/493/2
f 1069/496/2 1165/494/2 1068/495/2
f 1069/496/2 1164/497/2 1165/494/2
f 1070/498/2 1164/497/2 1069/496/2
f 1070/498/2 1163/499/2 1164/497/2
f 1071/500/2 1163/499/2 1070/498/2
f 1071/500/2 1162/501/2 1163/499/2
f 1072/502/2 1162/501/2 1071/500/2
f 1072/502/2 1161/503/2 1162/501/2
f 1073/504/2 1161/503/2 1072/502/2
f 1073/504/2 1160/505/2 1161/503/2
f 1074/506/2 1160/505/2 1073/504/2
f 1075/507/2 1160/505/2 1074/506/2
f 1075/507/2 1159/508/2 1160/505/2
f 1076/509/2 1159/508/2 1075/507/2
f 1076/509/2 1158/510/2 1159/508/2
f 1077/511/2 1158/510/2 1076/509/2
f 1078/512/2 1158/510/2 1077/511/2
f 1079/513/2 1158/510/2 1078/512/2
f 1079/513/2 1157/514/2 1158/510/2
f 1080/515/2 1157/514/2 1079/513/2
f 1081/516/2 1157/514/2 1080/515/2
f 1081/516/2 1156/517/2 1157/514/2
f 1081/516/2 1155/518/2 1156/517/2
f 1081/516/2 1154/519/2 1155/518/2
f 1081/516/2 1153/520/2 1154/519/2
f 1081/516/2 1152/521/2 1153/520/2
f 1081/516/2 1151/522/2 1152/521/2
f 1081/516/2 1150/523/2 1151/522/2
f 1081/516/2 1149/524/2 1150/523/2
f 1081/516/2 1082/525/2 1149/524/2
f 1082/525/2 1148/526/2 1149/524/2
f 1083/527/2 1148/526/2 1082/525/2
f 1084/528/2 1148/526/2 1083/527/2
f 1085/529/2 1148/526/2 1084/528/2
f 1085/529/2 1147/530/2 1148/526/2
f 1086/531/2 1147/530/2 1085/529/2
f 1087/532/2 1147/530/2 1086/531/2
f 1087/532/2 1146/533/2 1147/530/2
f 1088/534/2 1146/533/2 1087/532/2
f 1088/534/2 1145/535/2 1146/533/2
f 1089/536/2 1145/535/2 1088/534/2
f 1090/537/2 1145/535/2 1089/536/2
f 1090/537/2 1144/538/2 1145/535/2
f 1091/539/2 1144/538/2 1090/537/2
f 1091/539/2 1143/540/2 1144/538/2
f 1092/541/2 1143/540/2 1091/539/2
f 1092/541/2 1142/542/2 1143/540/2
f 1093/543/2 1142/542/2 1092/541/2
f 1093/543/2 1141/544/2 1142/542/2
f 1094/545/2 1141/544/2 1093/543/2
f 1095/546/2 1141/544/2 1094/545/2
f 1095/546/2 1140/547/2 1141/544/2
f 1096/548/2 1140/547/2 1095/546/2
f 1097/549/2 1140/547/2 1096/548/2
f 1097/549/2 1139/550/2 1140/547/2
f 1118/551/2 1116/553/2 1117/552/2
f 1098/554/2 1139/550/2 1097/549/2
f 1118/551/2 1115/555/2 1116/553/2
f 1099/556/2 1139/550/2 1098/554/2
f 1118/551/2 1114/557/2 1115/555/2
f 1099/556/2 1138/558/2 1139/550/2
f 1100/559/2 1138/558/2 1099/556/2
f 1118/551/2 1113/560/2 1114/557/2
f 1118/551/2 1112/561/2 1113/560/2
f 1101/562/2 1138/558/2 1100/559/2
f 1118/551/2 1111/563/2 1112/561/2
f 1102/564/2 1138/558/2 1101/562/2
f 1118/551/2 1110/565/2 1111/563/2
f 1118/551/2 1109/566/2 1110/565/2
f 1103/567/2 1138/558/2 1102/564/2
f 1103/567/2 1137/568/2 1138/558/2
f 1118/551/2 1108/569/2 1109/566/2
f 1104/570/2 1137/568/2 1103/567/2
f 1118/551/2 1107/571/2 1108/569/2
f 1118/551/2 1106/572/2 1107/571/2
f 1105/573/2 1137/568/2 1104/570/2
f 1118/551/2 1105/573/2 1106/572/2
f 1118/551/2 1137/568/2 1105/573/2
f 1118/551/2 1136/574/2 1137/568/2
f 1118/551/2 1135/575/2 1136/574/2
f 1118/551/2 1134/576/2 1135/575/2
f 1119/577/2 1134/576/2 1118/551/2
f 1120/578/2 1134/576/2 1119/577/2
f 1121/579/2 1134/576/2 1120/578/2
f 1121/579/2 1133/580/2 1134/576/2
f 1122/581/2 1133/580/2 1121/579/2
f 1123/582/2 1133/580/2 1122/581/2
f 1123/582/2 1132/583/2 1133/580/2
f 1124/584/2 1132/583/2 1123/582/2
f 1125/585/2 1132/583/2 1124/584/2
f 1126/586/2 1132/583/2 1125/585/2
f 1126/586/2 1131/587/2 1132/583/2
f 1127/588/2 1131/587/2 1126/586/2
f 1128/589/2 1131/587/2 1127/588/2
f 1128/589/2 1130/590/2 1131/587/2
f 1129/591/2 1130/590/2 1128/589/2
f 598/592/2 596/594/2 597/593/2
f 598/592/2 599/595/2 596/594/2
f 500/546/3 501/548/4 1096/548/4 1095/546/3
f 254/139/5 255/137/6 850/137/6 849/139/5
f 283/278/7 284/276/8 879/276/8 878/278/7
f 28/32/9 29/29/10 624/29/10 623/32/9
f 389/402/11 390/404/12 985/404/12 984/402/11
f 525/578/13 526/579/14 1121/579/14 1120/578/13
f 494/536/15 495/537/16 1090/537/16 1089/536/15
f 57/28/17 58/30/18 653/30/18 652/28/17
f 134/101/19 135/102/20 730/102/20 729/101/19
f 15/77/21 16/78/22 611/78/22 610/77/21
f 314/361/23 315/359/24 910/359/24 909/361/23
f 405/413/25 406/412/26 1001/412/26 1000/413/25
f 514/566/27 515/565/28 1110/565/28 1109/566/27
f 4/595/29 1/594/29 596/594/29 599/595/29
f 571/491/30 572/488/31 1167/488/31 1166/491/30
f 150/119/32 151/120/33 746/120/33 745/119/32
f 259/259/34 260/258/34 855/258/34 854/259/34
f 17/76/35 18/71/36 613/71/36 612/76/35
f 531/586/37 532/588/38 1127/588/38 1126/586/37
f 273/255/34 274/254/34 869/254/34 868/255/34
f 31/23/39 32/20/40 627/20/40 626/23/39
f 554/524/41 555/523/42 1150/523/42 1149/524/41
f 73/57/43 74/56/44 669/56/44 668/57/43
f 421/444/45 422/443/46 1017/443/46 1016/444/45
f 288/271/47 289/275/48 884/275/48 883/271/47
f 299/315/49 300/321/50 895/321/50 894/315/49
f 330/342/51 331/344/52 926/344/52 925/342/51
f 166/144/53 167/147/54 762/147/54 761/144/53
f 530/585/55 531/586/37 1126/586/37 1125/585/55
f 33/14/56 34/11/57 629/11/57 628/14/56
f 275/316/29 276/310/58 871/310/58 870/316/29
f 290/277/59 291/279/60 886/279/60 885/277/59
f 89/187/61 90/190/62 685/190/62 684/187/61
f 20/63/63 21/62/64 616/62/64 615/63/63
f 557/521/65 558/520/66 1153/520/66 1152/521/65
f 547/542/67 548/540/68 1143/540/68 1142/542/67
f 346/322/69 347/320/29 942/320/29 941/322/69
f 437/388/70 438/384/71 1033/384/71 1032/388/70
f 47/13/72 48/16/73 643/16/73 642/13/72
f 182/243/74 183/250/75 778/250/75 777/243/74
f 304/345/76 305/349/77 900/349/77 899/345/76
f 60/33/78 61/35/79 656/35/79 655/33/78
f 586/449/80 587/451/81 1182/451/81 1181/449/80
f 105/175/82 106/171/83 701/171/83 700/175/82
f 291/279/60 292/281/84 887/281/84 886/279/60
f 49/17/85 50/18/86 645/18/86 644/17/85
f 331/344/52 332/348/87 927/348/87 926/344/52
f 362/292/88 363/294/89 958/294/89 957/292/88
f 36/9/90 37/8/91 632/8/91 631/9/90
f 573/484/92 574/480/93 1169/480/93 1168/484/92
f 76/52/94 77/51/95 672/51/95 671/52/94
f 481/509/96 482/511/97 1077/511/97 1076/509/96
f 563/510/98 564/508/99 1159/508/99 1158/510/98
f 370/318/100 323/319/49 918/319/49 965/318/100
f 121/79/101 122/82/102 717/82/102 716/79/101
f 63/38/103 64/39/104 659/39/104 658/38/103
f 378/385/105 379/386/106 974/386/106 973/385/105
f 307/358/107 308/360/108 903/360/108 902/358/107
f 320/336/109 321/330/110 916/330/110 915/336/109
f 137/104/111 138/105/112 733/105/112 732/104/111
f 453/467/113 454/468/114 1049/468/114 1048/467/113
f 52/21/115 53/22/116 648/22/116 647/21/115
f 92/197/117 93/201/118 688/201/118 687/197/117
f 394/417/119 395/420/120 990/420/120 989/417/119
f 198/220/121 199/223/122 794/223/122 793/220/121
f 594/460/123 595/462/124 1190/462/124 1189/460/123
f 380/387/125 381/389/126 976/389/126 975/387/125
f 469/489/127 470/490/128 1065/490/128 1064/489/127
f 589/453/129 590/455/130 1185/455/130 1184/453/129
f 65/41/131 66/43/132 661/43/132 660/41/131
f 363/294/89 364/298/133 959/298/133 958/294/89
f 214/232/134 215/228/135 810/228/135 809/232/134
f 79/47/136 80/46/137 675/46/137 674/47/136
f 108/125/138 109/121/139 704/121/139 703/125/138
f 336/354/140 337/351/141 932/351/141 931/354/140
f 379/386/106 380/387/125 975/387/125 974/386/106
f 426/429/142 427/428/143 1022/428/143 1021/429/142
f 322/324/144 275/316/29 870/316/29 917/324/144
f 124/85/145 125/87/146 720/87/146 719/85/145
f 153/123/147 154/124/148 749/124/148 748/123/147
f 410/405/149 411/430/150 1006/430/150 1005/405/149
f 323/319/49 324/323/151 919/323/151 918/319/49
f 95/206/152 96/205/153 691/205/153 690/206/152
f 395/420/120 396/423/154 991/423/154 990/420/120
f 169/152/155 170/155/156 765/155/156 764/152/155
f 68/50/157 69/54/158 664/54/158 663/50/157
f 352/303/159 353/301/160 948/301/160 947/303/159
f 140/107/161 141/108/162 736/108/162 735/107/161
f 485/515/49 486/516/49 1081/516/49 1080/515/49
f 81/44/163 82/15/164 677/15/164 676/44/163
f 230/204/165 231/208/166 826/208/166 825/204/165
f 579/458/167 580/454/168 1175/454/168 1174/458/167
f 338/347/169 339/343/170 934/343/170 933/347/169
f 471/492/171 472/493/172 1067/493/172 1066/492/171
f 339/343/170 340/341/173 935/341/173 934/343/170
f 111/113/174 112/98/175 707/98/175 706/113/174
f 97/202/176 98/200/177 693/200/177 692/202/176
f 501/548/4 502/549/178 1097/549/178 1096/548/4
f 84/168/179 85/173/180 680/173/180 679/168/179
f 368/312/181 369/314/182 964/314/182 963/312/181
f 354/297/183 355/293/184 950/293/184 949/297/183
f 246/153/185 247/151/186 842/151/186 841/153/185
f 355/293/184 356/291/187 951/291/187 950/293/184
f 127/90/188 128/92/189 723/92/189 722/90/188
f 113/96/190 114/93/191 709/93/191 708/96/190
f 156/127/192 157/129/193 752/129/193 751/127/192
f 100/192/194 101/189/195 696/189/195 695/192/194
f 384/394/196 385/396/197 980/396/197 979/394/196
f 129/94/198 130/95/199 725/95/199 724/94/198
f 185/245/36 186/240/200 781/240/200 780/245/36
f 143/110/201 144/111/202 739/111/202 738/110/201
f 427/428/143 428/427/203 1023/427/203 1022/428/143
f 442/376/204 443/375/205 1038/375/205 1037/376/204
f 145/112/206 146/114/207 741/114/207 740/112/206
f 172/160/208 173/164/209 768/164/209 767/160/208
f 371/370/34 372/368/34 967/368/34 966/370/34
f 402/418/210 403/416/211 998/416/211 997/418/210
f 433/397/212 434/395/213 1029/395/213 1028/397/212
f 116/88/214 117/86/215 712/86/215 711/88/214
f 587/451/81 588/452/216 1183/452/216 1182/451/81
f 517/561/137 518/560/217 1113/560/217 1112/561/137
f 159/131/218 160/133/219 755/133/219 754/131/218
f 443/375/205 444/374/220 1039/374/220 1038/375/205
f 201/231/221 202/234/222 797/234/222 796/231/221
f 7/67/223 8/68/224 603/68/224 602/67/223
f 416/437/225 417/438/226 1012/438/226 1011/437/225
f 161/134/227 162/135/228 757/135/228 756/134/227
f 188/233/229 189/230/230 784/230/230 783/233/229
f 458/474/231 459/475/232 1054/475/232 1053/474/231
f 264/263/233 265/264/234 860/264/234 859/263/233
f 418/440/235 419/441/236 1014/441/236 1013/440/235
f 490/529/237 491/531/238 1086/531/238 1085/529/237
f 387/399/239 388/401/240 983/401/240 982/399/239
f 175/196/241 176/211/242 771/211/242 770/196/241
f 568/499/243 569/497/244 1164/497/244 1163/499/243
f 132/99/49 133/100/49 728/100/49 727/99/49
f 432/400/245 433/397/212 1028/397/212 1027/400/245
f 459/475/232 460/476/246 1055/476/246 1054/475/232
f 217/221/247 218/217/248 813/217/248 812/221/247
f 533/589/249 534/591/250 1129/591/250 1128/589/249
f 204/242/251 205/246/252 800/246/252 799/242/251
f 177/214/253 178/218/254 773/218/254 772/214/253
f 23/53/255 24/42/256 619/42/256 618/53/255
f 434/395/213 435/393/257 1030/393/257 1029/395/213
f 233/207/258 234/198/259 829/198/259 828/207/258
f 280/287/260 281/282/261 876/282/261 875/287/260
f 191/222/262 192/219/263 787/219/263 786/222/262
f 215/228/135 216/225/264 811/225/264 810/228/135
f 272/256/265 273/255/265 868/255/265 867/256/265
f 475/498/266 476/500/267 1071/500/267 1070/498/266
f 357/289/268 358/285/269 953/285/269 952/289/268
f 450/464/270 451/465/271 1046/465/271 1045/464/270
f 220/138/272 221/163/273 816/163/273 815/138/272
f 39/6/274 40/5/275 635/5/275 634/6/274
f 207/252/276 208/251/277 803/251/277 802/252/276
f 546/544/278 547/542/67 1142/542/67 1141/544/278
f 491/531/238 492/532/279 1087/532/279 1086/531/238
f 296/299/78 297/305/280 892/305/280 891/299/78
f 464/482/281 465/483/282 1060/483/282 1059/482/281
f 588/452/216 589/453/129 1184/453/129 1183/452/216
f 236/185/283 237/178/284 832/178/284 831/185/283
f 249/148/285 250/146/286 845/146/286 844/148/285
f 209/247/287 210/244/288 805/244/288 804/247/287
f 506/562/289 507/564/290 1102/564/290 1101/562/289
f 223/167/291 224/174/292 819/174/292 818/167/291
f 466/485/293 467/486/294 1062/486/294 1061/485/293
f 265/264/234 266/265/295 861/265/295 860/264/234
f 565/505/296 566/503/297 1161/503/297 1160/505/296
f 385/396/197 386/398/298 981/398/298 980/396/197
f 480/507/299 481/509/96 1076/509/96 1075/507/299
f 510/573/300 511/572/301 1106/572/301 1105/573/300
f 10/70/302 11/72/303 606/72/303 605/70/302
f 55/25/304 56/27/305 651/27/305 650/25/304
f 403/416/211 404/415/306 999/415/306 998/416/211
f 225/180/307 226/183/308 821/183/308 820/180/307
f 507/564/290 508/567/309 1103/567/309 1102/564/290
f 524/577/310 525/578/13 1120/578/13 1119/577/310
f 312/365/311 313/363/312 908/363/312 907/365/311
f 148/117/313 149/118/314 744/118/314 743/117/313
f 482/511/97 483/512/315 1078/512/315 1077/511/97
f 252/143/316 253/141/317 848/141/317 847/143/316
f 256/132/49 220/138/49 815/138/49 851/132/49
f 281/282/261 282/280/318 877/280/318 876/282/261
f 347/320/29 348/317/319 943/317/319 942/320/29
f 472/493/172 473/495/320 1068/495/320 1067/493/172
f 376/382/321 377/383/322 972/383/322 971/382/321
f 26/37/323 27/34/324 622/34/324 621/37/323
f 419/441/236 420/442/325 1015/442/325 1014/441/236
f 239/166/326 240/162/327 835/162/327 834/166/326
f 241/161/328 242/159/329 837/159/329 836/161/328
f 13/74/330 14/75/331 609/75/331 608/74/330
f 540/575/332 541/574/333 1136/574/333 1135/575/332
f 164/140/334 165/142/335 760/142/335 759/140/334
f 496/539/336 497/541/337 1092/541/337 1091/539/336
f 498/543/338 499/545/339 1094/545/339 1093/543/338
f 270/269/340 271/270/341 866/270/341 865/269/340
f 71/60/342 72/59/343 667/59/343 666/60/342
f 328/333/344 329/337/345 924/337/345 923/333/344
f 257/253/346 258/260/346 853/260/346 852/253/346
f 526/579/14 527/581/347 1122/581/347 1121/579/14
f 2/593/49 3/592/49 598/592/49 597/593/49
f 435/393/257 436/390/348 1031/390/348 1030/393/257
f 271/270/341 272/256/349 867/256/349 866/270/341
f 516/563/350 517/561/137 1112/561/137 1111/563/350
f 29/29/10 30/26/351 625/26/351 624/29/10
f 180/229/352 181/236/353 776/236/353 775/229/352
f 16/78/22 17/76/35 612/76/35 611/78/22
f 286/273/354 287/272/34 882/272/34 881/273/354
f 297/305/280 298/309/355 893/309/355 892/305/280
f 42/2/49 43/1/49 638/1/49 637/2/49
f 243/158/356 244/156/357 839/156/357 838/158/356
f 274/254/358 257/253/358 852/253/358 869/254/358
f 344/328/359 345/326/360 940/326/360 939/328/359
f 542/568/361 543/558/362 1138/558/362 1137/568/361
f 18/71/36 19/66/363 614/66/363 613/71/36
f 45/3/346 46/12/364 641/12/364 640/3/346
f 448/371/29 371/370/29 966/370/29 1043/371/29
f 287/272/34 288/271/47 883/271/47 882/272/34
f 532/588/38 533/589/249 1128/589/249 1127/588/38
f 300/321/50 301/329/365 896/329/365 895/321/50
f 313/363/312 314/361/23 909/361/23 908/363/312
f 451/465/271 452/466/366 1047/466/366 1046/465/271
f 32/20/40 33/14/56 628/14/56 627/20/40
f 559/519/367 560/518/368 1155/518/368 1154/519/367
f 58/30/18 59/31/369 654/31/369 653/30/18
f 196/213/370 197/216/371 792/216/371 791/213/370
f 337/351/141 338/347/169 933/347/169 932/351/141
f 572/488/31 573/484/92 1168/484/92 1167/488/31
f 103/182/372 104/179/373 699/179/373 698/182/372
f 467/486/294 468/487/374 1063/487/374 1062/486/294
f 289/275/48 290/277/59 885/277/59 884/275/48
f 360/286/375 361/290/376 956/290/376 955/286/375
f 212/239/377 213/235/378 808/235/378 807/239/377
f 556/522/379 557/521/65 1152/521/65 1151/522/379
f 34/11/57 35/10/380 630/10/380 629/11/57
f 558/520/66 559/519/381 1154/519/381 1153/520/66
f 548/540/68 549/538/382 1144/538/382 1143/540/68
f 303/339/383 304/345/76 899/345/76 898/339/383
f 61/35/79 62/36/384 657/36/384 656/35/79
f 539/576/385 540/575/332 1135/575/332 1134/576/385
f 119/81/386 120/80/387 715/80/387 714/81/386
f 48/16/73 49/17/85 644/17/85 643/16/73
f 318/346/388 319/340/389 914/340/389 913/346/388
f 329/337/345 330/342/51 925/342/51 924/337/345
f 228/193/390 229/199/391 824/199/391 823/193/390
f 575/477/392 576/473/393 1171/473/393 1170/477/392
f 74/56/44 75/55/394 670/55/394 669/56/44
f 499/545/339 500/546/3 1095/546/3 1094/545/339
f 305/349/77 306/356/395 901/356/395 900/349/77
f 135/102/20 136/103/396 731/103/396 730/102/20
f 244/156/357 245/154/397 840/154/397 839/156/357
f 50/18/86 51/19/398 646/19/398 645/18/86
f 345/326/360 346/322/69 941/322/69 940/326/360
f 392/411/399 393/414/400 988/414/400 987/411/399
f 564/508/99 565/505/296 1160/505/296 1159/508/99
f 77/51/95 78/49/401 673/49/401 672/51/95
f 90/190/62 91/194/402 686/194/402 685/190/62
f 151/120/33 152/122/403 747/122/403 746/120/33
f 334/353/404 335/355/34 930/355/34 929/353/404
f 408/407/405 409/406/406 1004/406/406 1003/407/405
f 591/456/407 592/457/408 1187/457/408 1186/456/407
f 5/48/409 6/65/410 601/65/410 600/48/409
f 319/340/389 320/336/109 915/336/109 914/340/389
f 321/330/110 322/324/144 917/324/144 916/330/110
f 82/15/29 45/3/29 640/3/29 677/15/29
f 262/261/295 263/262/234 858/262/234 857/261/295
f 64/39/104 65/41/131 660/41/131 659/39/104
f 66/43/132 67/45/411 662/45/411 661/43/132
f 519/557/412 520/555/413 1115/555/413 1114/557/412
f 580/454/168 581/450/414 1176/450/414 1175/454/168
f 167/147/54 168/149/415 763/149/415 762/147/54
f 93/201/118 94/203/416 689/203/416 688/201/118
f 424/436/417 425/432/418 1020/432/418 1019/436/417
f 350/311/419 351/307/420 946/307/420 945/311/419
f 361/290/376 362/292/88 957/292/88 956/290/376
f 590/455/130 591/456/407 1186/456/407 1185/455/130
f 106/171/83 107/128/421 702/128/421 701/171/83
f 567/501/422 568/499/243 1163/499/243 1162/501/422
f 335/355/34 336/354/140 931/354/140 930/355/34
f 109/121/139 110/115/423 705/115/423 704/121/139
f 377/383/322 378/385/105 973/385/105 972/383/322
f 80/46/137 81/44/163 676/44/163 675/46/137
f 366/304/424 367/308/425 962/308/425 961/304/424
f 122/82/102 123/84/426 718/84/426 717/82/102
f 183/250/75 184/248/427 779/248/427 778/250/75
f 535/590/428 536/587/429 1131/587/429 1130/590/428
f 393/414/400 394/417/119 989/417/119 988/414/400
f 440/380/430 441/378/431 1036/378/431 1035/380/430
f 125/87/146 126/89/432 721/89/432 720/87/146
f 138/105/112 139/106/433 734/106/433 733/105/112
f 37/8/91 38/7/434 633/7/434 632/8/91
f 382/391/435 383/392/436 978/392/436 977/391/435
f 409/406/49 410/405/49 1005/405/49 1004/406/49
f 199/223/122 200/227/437 795/227/437 794/223/122
f 294/288/438 295/296/439 890/296/439 889/288/438
f 351/307/420 352/303/159 947/303/159 946/307/420
f 154/124/148 155/126/440 750/126/440 749/124/148
f 456/471/441 457/472/442 1052/472/442 1051/471/441
f 551/533/443 552/530/444 1147/530/444 1146/533/443
f 96/205/153 97/202/176 692/202/176 691/205/153
f 367/308/425 368/312/181 963/312/181 962/308/425
f 353/301/160 354/297/183 949/297/183 948/301/160
f 400/422/445 401/421/446 996/421/446 995/422/445
f 425/432/418 426/429/142 1021/429/142 1020/432/418
f 112/98/175 113/96/190 708/96/190 707/98/175
f 98/200/177 99/195/447 694/195/447 693/200/177
f 141/108/162 142/109/448 737/109/448 736/108/162
f 170/155/156 171/157/449 766/157/449 765/155/156
f 383/392/436 384/394/196 979/394/196 978/392/436
f 369/314/182 370/318/100 965/318/100 964/314/182
f 398/425/450 399/424/451 994/424/451 993/425/450
f 44/64/29 5/48/29 600/48/29 639/64/29
f 128/92/189 129/94/198 724/94/198 723/92/189
f 114/93/191 115/91/452 710/91/452 709/93/191
f 326/327/453 327/331/454 922/331/454 921/327/453
f 411/430/150 412/431/455 1007/431/455 1006/430/150
f 53/22/116 54/24/456 649/24/456 648/22/116
f 441/378/431 442/376/204 1037/376/204 1036/378/431
f 231/208/166 232/209/457 827/209/457 826/208/166
f 310/364/458 311/366/346 906/366/346 905/364/458
f 186/240/200 187/237/459 782/237/459 781/240/200
f 488/527/460 489/528/461 1084/528/461 1083/527/460
f 130/95/199 131/97/462 726/97/462 725/95/199
f 157/129/193 158/130/49 753/130/49 752/129/193
f 457/472/442 458/474/231 1053/474/231 1052/472/442
f 247/151/186 248/150/463 843/150/463 842/151/186
f 414/434/464 415/435/465 1010/435/465 1009/434/464
f 202/234/222 203/238/466 798/238/466 797/234/222
f 144/111/202 145/112/206 740/112/206 739/111/202
f 581/450/414 582/447/467 1177/447/467 1176/450/414
f 193/215/468 194/212/469 789/212/469 788/215/468
f 248/150/463 249/148/285 844/148/285 843/150/463
f 401/421/446 402/418/210 997/418/210 996/421/446
f 527/581/347 528/582/470 1123/582/470 1122/581/347
f 518/560/217 519/557/412 1114/557/412 1113/560/217
f 146/114/207 147/116/471 742/116/471 741/114/207
f 173/164/209 174/177/472 769/177/472 768/164/209
f 263/262/234 264/263/233 859/263/233 858/262/234
f 69/54/158 70/58/473 665/58/473 664/54/158
f 562/514/474 563/510/98 1158/510/98 1157/514/474
f 430/410/475 431/403/476 1026/403/476 1025/410/475
f 473/495/320 474/496/477 1069/496/477 1068/495/320
f 8/68/224 9/69/478 604/69/478 603/68/224
f 415/435/465 416/437/225 1011/437/225 1010/435/465
f 160/133/219 161/134/227 756/134/227 755/133/219
f 417/438/226 418/440/235 1013/440/235 1012/438/226
f 189/230/230 190/226/479 785/226/479 784/230/230
f 162/135/228 163/136/480 758/136/480 757/135/228
f 446/372/481 447/369/481 1042/369/481 1041/372/481
f 534/591/250 535/590/428 1130/590/428 1129/591/250
f 205/246/252 206/249/482 801/249/482 800/246/252
f 489/528/461 490/529/237 1085/529/237 1084/528/461
f 279/295/483 280/287/260 875/287/260 874/295/483
f 431/403/476 432/400/245 1027/400/245 1026/403/476
f 462/479/484 463/481/485 1058/481/485 1057/479/484
f 234/198/259 235/191/486 830/191/486 829/198/259
f 24/42/256 25/40/487 620/40/487 619/42/256
f 176/211/242 177/214/253 772/214/253 771/211/242
f 178/218/254 179/224/488 774/224/488 773/218/254
f 505/559/489 506/562/289 1101/562/289 1100/559/489
f 550/535/490 551/533/443 1146/533/443 1145/535/490
f 302/335/491 303/339/383 898/339/383 897/335/491
f 528/582/470 529/584/492 1124/584/492 1123/582/470
f 250/146/286 251/145/493 846/145/493 845/146/286
f 295/296/439 296/299/78 891/299/78 890/296/439
f 439/381/494 440/380/430 1035/380/430 1034/381/494
f 447/369/346 448/371/346 1043/371/346 1042/369/346
f 221/163/273 222/165/495 817/165/495 816/163/273
f 570/494/496 571/491/30 1166/491/30 1165/494/496
f 40/5/275 41/4/497 636/4/497 635/5/275
f 85/173/180 86/176/498 681/176/498 680/173/180
f 192/219/263 193/215/468 788/215/468 787/219/263
f 478/504/499 479/506/500 1074/506/500 1073/504/499
f 521/553/501 522/552/502 1117/552/502 1116/553/501
f 342/334/503 343/332/504 938/332/504 937/334/503
f 449/463/505 450/464/270 1045/464/270 1044/463/505
f 11/72/303 12/73/506 607/73/506 606/72/303
f 463/481/485 464/482/281 1059/482/281 1058/481/485
f 194/212/469 195/210/507 790/210/507 789/212/469
f 268/267/508 269/268/509 864/268/509 863/267/508
f 208/251/277 209/247/287 804/247/287 803/251/277
f 465/483/282 466/485/293 1061/485/293 1060/483/282
f 253/141/317 254/139/5 849/139/5 848/141/317
f 237/178/284 238/172/510 833/172/510 832/178/284
f 479/506/500 480/507/299 1075/507/299 1074/506/500
f 210/244/288 211/241/511 806/241/511 805/244/288
f 316/357/512 317/350/513 912/350/513 911/357/512
f 101/189/195 102/186/514 697/186/514 696/189/195
f 224/174/292 225/180/307 820/180/307 819/174/292
f 412/431/455 413/433/515 1008/433/515 1007/431/455
f 512/571/516 513/569/517 1108/569/517 1107/571/516
f 513/569/517 514/566/27 1109/566/27 1108/569/517
f 358/285/269 359/284/346 954/284/346 953/285/269
f 226/183/308 227/188/518 822/188/518 821/183/308
f 537/583/448 538/580/519 1133/580/519 1132/583/448
f 549/538/382 550/535/490 1145/535/490 1144/538/382
f 269/268/509 270/269/340 865/269/340 864/268/509
f 27/34/324 28/32/9 623/32/9 622/34/324
f 495/537/16 496/539/336 1091/539/336 1090/537/16
f 497/541/337 498/543/338 1093/543/338 1092/541/337
f 14/75/331 15/77/21 610/77/21 609/75/331
f 284/276/8 285/274/520 880/274/520 879/276/8
f 566/503/297 567/501/422 1162/501/422 1161/503/297
f 240/162/327 241/161/328 836/161/328 835/162/327
f 242/159/329 243/158/356 838/158/356 837/159/329
f 278/300/521 279/295/483 874/295/483 873/300/521
f 311/366/346 312/365/311 907/365/311 906/366/346
f 117/86/215 118/83/522 713/83/522 712/86/215
f 511/572/301 512/571/516 1107/571/516 1106/572/301
f 56/27/305 57/28/17 652/28/17 651/27/305
f 374/377/523 375/379/524 970/379/524 969/377/523
f 315/359/24 316/357/512 911/357/512 910/359/24
f 3/592/346 4/595/346 599/595/346 598/592/346
f 553/526/525 554/524/41 1149/524/41 1148/526/525
f 133/100/526 134/101/19 729/101/19 728/100/526
f 260/258/527 261/257/528 856/257/528 855/258/527
f 285/274/520 286/273/354 881/273/354 880/274/520
f 43/1/346 44/64/346 639/64/346 638/1/346
f 390/404/12 391/408/529 986/408/529 985/404/12
f 30/26/351 31/23/39 626/23/39 625/26/351
f 149/118/314 150/119/32 745/119/32 744/118/314
f 529/584/492 530/585/55 1125/585/55 1124/584/492
f 406/412/26 407/409/530 1002/409/530 1001/412/26
f 19/66/363 20/63/63 615/63/63 614/66/363
f 59/31/369 60/33/78 655/33/78 654/31/369
f 552/530/444 553/526/525 1148/526/525 1147/530/444
f 276/310/58 277/306/531 872/306/531 871/310/58
f 582/447/467 583/446/532 1178/446/532 1177/447/467
f 165/142/335 166/144/53 761/144/53 760/142/335
f 327/331/454 328/333/344 923/333/344 922/331/454
f 422/443/46 423/439/533 1018/439/533 1017/443/46
f 545/547/534 546/544/278 1141/544/278 1140/547/534
f 301/329/365 302/335/491 897/335/491 896/329/365
f 72/59/343 73/57/43 668/57/43 667/59/343
f 46/12/364 47/13/72 642/13/72 641/12/364
f 181/236/353 182/243/74 777/243/74 776/236/353
f 35/10/380 36/9/90 631/9/90 630/10/380
f 560/518/368 561/517/535 1156/517/535 1155/518/368
f 343/332/504 344/328/359 939/328/359 938/332/504
f 438/384/71 439/381/494 1034/381/494 1033/384/71
f 292/281/84 293/283/536 888/283/536 887/281/84
f 399/424/451 400/422/445 995/422/445 994/424/451
f 88/184/537 89/187/61 684/187/61 683/184/537
f 585/448/538 586/449/80 1181/449/80 1180/448/538
f 75/55/394 76/52/94 671/52/94 670/55/394
f 561/517/535 562/514/474 1157/514/474 1156/517/535
f 332/348/87 333/352/539 928/352/539 927/348/87
f 359/284/346 360/286/375 955/286/375 954/284/346
f 197/216/371 198/220/121 793/220/121 792/216/371
f 51/19/398 52/21/115 647/21/115 646/19/398
f 317/350/513 318/346/388 913/346/388 912/350/513
f 104/179/373 105/175/82 700/175/82 699/179/373
f 454/468/114 455/469/540 1050/469/540 1049/468/114
f 308/360/108 309/362/541 904/362/541 903/360/108
f 62/36/384 63/38/103 658/38/103 657/36/384
f 213/235/378 214/232/134 809/232/134 808/235/378
f 576/473/393 577/470/542 1172/470/542 1171/473/393
f 470/490/128 471/492/171 1066/492/171 1065/490/128
f 375/379/524 376/382/321 971/382/321 970/379/524
f 120/80/387 121/79/101 716/79/101 715/80/387
f 333/352/539 334/353/404 929/353/404 928/352/539
f 577/470/542 578/461/543 1173/461/543 1172/470/542
f 78/49/401 79/47/136 674/47/136 673/49/401
f 574/480/93 575/477/392 1170/477/392 1169/480/93
f 229/199/391 230/204/165 825/204/165 824/199/391
f 67/45/411 68/50/157 663/50/157 662/45/411
f 592/457/408 593/459/544 1188/459/544 1187/457/408
f 91/194/402 92/197/117 687/197/117 686/194/402
f 541/574/333 542/568/361 1137/568/361 1136/574/333
f 486/516/545 487/525/546 1082/525/546 1081/516/545
f 324/323/151 325/325/547 920/325/547 919/323/151
f 348/317/319 349/313/548 944/313/548 943/317/319
f 569/497/244 570/494/496 1165/494/496 1164/497/244
f 593/459/544 594/460/123 1189/460/123 1188/459/544
f 107/128/421 108/125/138 703/125/138 702/128/421
f 583/446/532 584/445/549 1179/445/549 1178/446/532
f 245/154/397 246/153/185 841/153/185 840/154/397
f 595/462/49 449/463/49 1044/463/49 1190/462/49
f 364/298/133 365/302/550 960/302/550 959/298/133
f 391/408/529 392/411/399 987/411/399 986/408/529
f 502/549/178 503/554/551 1098/554/551 1097/549/178
f 83/169/552 84/168/179 679/168/179 678/169/552
f 123/84/426 124/85/145 719/85/145 718/84/426
f 136/103/396 137/104/111 732/104/111 731/103/396
f 340/341/173 341/338/553 936/338/553 935/341/173
f 349/313/548 350/311/419 945/311/419 944/313/548
f 306/356/395 307/358/107 902/358/107 901/356/395
f 503/554/551 504/556/554 1099/556/554 1098/554/551
f 94/203/416 95/206/152 690/206/152 689/203/416
f 139/106/433 140/107/161 735/107/161 734/106/433
f 407/409/530 408/407/405 1003/407/405 1002/409/530
f 99/195/447 100/192/194 695/192/194 694/195/447
f 365/302/550 366/304/424 961/304/424 960/302/550
f 396/423/154 397/426/555 992/426/555 991/423/154
f 152/122/403 153/123/147 748/123/147 747/122/403
f 356/291/187 357/289/268 952/289/268 951/291/187
f 110/115/423 111/113/174 706/113/174 705/115/423
f 155/126/440 156/127/192 751/127/192 750/126/440
f 261/257/528 262/261/295 857/261/295 856/257/528
f 578/461/543 579/458/167 1174/458/167 1173/461/543
f 543/558/362 544/550/556 1139/550/556 1138/558/362
f 423/439/533 424/436/417 1019/436/417 1018/439/533
f 6/65/410 7/67/223 602/67/223 601/65/410
f 87/181/557 88/184/537 683/184/537 682/181/557
f 381/389/126 382/391/435 977/391/435 976/389/126
f 168/149/415 169/152/155 764/152/155 763/149/415
f 520/555/413 521/553/501 1116/553/501 1115/555/413
f 126/89/432 127/90/188 722/90/188 721/89/432
f 21/62/64 22/61/558 617/61/558 616/62/64
f 484/513/559 485/515/560 1080/515/560 1079/513/559
f 493/534/561 494/536/15 1089/536/15 1088/534/561
f 397/426/555 398/425/450 993/425/450 992/426/555
f 171/157/449 172/160/208 767/160/208 766/157/449
f 115/91/452 116/88/214 711/88/214 710/91/452
f 142/109/448 143/110/201 738/110/201 737/109/448
f 372/368/49 373/367/49 968/367/49 967/368/49
f 184/248/427 185/245/36 780/245/36 779/248/427
f 277/306/531 278/300/521 873/300/521 872/306/531
f 455/469/540 456/471/441 1051/471/441 1050/469/540
f 22/61/558 23/53/255 618/53/255 617/61/558
f 187/237/459 188/233/229 783/233/229 782/237/459
f 200/227/437 201/231/221 796/231/221 795/227/437
f 536/587/429 537/583/448 1132/583/448 1131/587/429
f 444/374/220 445/373/562 1040/373/562 1039/374/220
f 131/97/462 132/99/563 727/99/563 726/97/462
f 388/401/240 389/402/11 984/402/11 983/401/240
f 203/238/466 204/242/251 799/242/251 798/238/466
f 216/225/264 217/221/247 812/221/247 811/225/264
f 544/550/556 545/547/534 1140/547/534 1139/550/556
f 460/476/246 461/478/564 1056/478/564 1055/476/246
f 476/500/267 477/502/565 1072/502/565 1071/500/267
f 483/512/315 484/513/559 1079/513/559 1078/512/315
f 413/433/515 414/434/464 1009/434/464 1008/433/515
f 293/283/536 294/288/438 889/288/438 888/283/536
f 504/556/554 505/559/489 1100/559/489 1099/556/554
f 158/130/566 159/131/218 754/131/218 753/130/566
f 38/7/434 39/6/274 634/6/274 633/7/434
f 147/116/471 148/117/313 743/117/313 742/116/471
f 487/525/546 488/527/460 1083/527/460 1082/525/546
f 404/415/306 405/413/25 1000/413/25 999/415/306
f 232/209/457 233/207/258 828/207/258 827/209/457
f 429/419/567 430/410/475 1025/410/475 1024/419/567
f 163/136/480 164/140/334 759/140/334 758/136/480
f 174/177/472 175/196/241 770/196/241 769/177/472
f 420/442/325 421/444/45 1016/444/45 1015/442/325
f 309/362/541 310/364/458 905/364/458 904/362/541
f 9/69/478 10/70/302 605/70/302 604/69/478
f 54/24/456 55/25/304 650/25/304 649/24/456
f 266/265/295 267/266/528 862/266/528 861/265/295
f 445/373/562 446/372/568 1041/372/568 1040/373/562
f 523/551/569 524/577/310 1119/577/310 1118/551/569
f 428/427/203 429/419/567 1024/419/567 1023/427/203
f 190/226/479 191/222/262 786/222/262 785/226/479
f 218/217/248 219/170/570 814/170/570 813/217/248
f 179/224/488 180/229/352 775/229/352 774/224/488
f 235/191/486 236/185/283 831/185/283 830/191/486
f 436/390/348 437/388/70 1032/388/70 1031/390/348
f 461/478/564 462/479/484 1057/479/484 1056/478/564
f 492/532/279 493/534/561 1088/534/561 1087/532/279
f 325/325/547 326/327/453 921/327/453 920/325/547
f 206/249/482 207/252/276 802/252/276 801/249/482
f 25/40/487 26/37/323 621/37/323 620/40/487
f 70/58/473 71/60/342 666/60/342 665/58/473
f 282/280/318 283/278/7 878/278/7 877/280/318
f 584/445/549 585/448/538 1180/448/538 1179/445/549
f 1/594/34 2/593/34 597/593/34 596/594/34
f 341/338/553 342/334/503 937/334/503 936/338/553
f 195/210/571 196/213/370 791/213/370 790/210/571
f 258/260/572 259/259/572 854/259/572 853/260/572
f 251/145/493 252/143/316 847/143/316 846/145/493
f 86/176/498 87/181/557 682/181/557 681/176/498
f 452/466/366 453/467/113 1048/467/113 1047/466/366
f 477/502/565 478/504/499 1073/504/499 1072/502/565
f 515/565/28 516/563/350 1111/563/350 1110/565/28
f 508/567/309 509/570/102 1104/570/102 1103/567/309
f 222/165/495 223/167/291 818/167/291 817/165/495
f 102/186/514 103/182/372 698/182/372 697/186/514
f 211/241/511 212/239/377 807/239/377 806/241/511
f 386/398/298 387/399/239 982/399/239 981/398/298
f 468/487/374 469/489/127 1064/489/127 1063/487/374
f 474/496/477 475/498/266 1070/498/266 1069/496/477
f 219/170/29 83/169/29 678/169/29 814/170/29
f 522/552/49 523/551/49 1118/551/49 1117/552/49
f 373/367/573 374/377/523 969/377/523 968/367/573
f 227/188/518 228/193/390 823/193/390 822/188/518
f 267/266/528 268/267/508 863/267/508 862/266/528
f 41/4/497 42/2/34 637/2/34 636/4/497
f 118/83/522 119/81/386 714/81/386 713/83/522
f 12/73/506 13/74/330 608/74/330 607/73/506
f 298/309/355 299/315/49 894/315/49 893/309/355
f 238/172/510 239/166/326 834/166/326 833/172/510
f 555/523/42 556/522/379 1151/522/379 1150/523/42
f 255/137/6 256/132/574 851/132/574 850/137/6
f 509/570/102 510/573/300 1105/573/300 1104/570/102
f 538/580/519 539/576/385 1134/576/385 1133/580/519
